ID,Country,area_km2
CR213194,Brazil,"679"
CR213195,Brazil,"1696"
CR213196,Brazil,"1949"
CR213197,Brazil,"339"
CR214192,Brazil,"255"
CR214193,Brazil,"1020"
CR214194,Brazil,"2717"
CR214195,Brazil,"3053"
CR214196,Brazil,"3050"
CR214197,Brazil,"2962"
CR214198,Brazil,"1014"
CR214199,Brazil,"253"
CR215191,Brazil,"2043"
CR215192,Brazil,"2892"
CR215193,Brazil,"3059"
CR215194,Brazil,"3056"
CR215195,Brazil,"3053"
CR215196,Brazil,"3050"
CR215197,Brazil,"3046"
CR215198,Brazil,"3042"
CR215199,Brazil,"2448"
CR216190,Brazil,"1193"
CR216191,Brazil,"3065"
CR216192,Brazil,"3062"
CR216193,Brazil,"3059"
CR216194,Brazil,"3056"
CR216195,Brazil,"3053"
CR216196,Brazil,"3050"
CR216197,Brazil,"3046"
CR216198,Brazil,"3042"
CR216199,Brazil,"3038"
CR216200,Brazil,"1264"
CR217190,Brazil,"2982"
CR217191,Brazil,"3065"
CR217192,Brazil,"3062"
CR217193,Brazil,"3059"
CR217194,Brazil,"3056"
CR217195,Brazil,"3053"
CR217196,Brazil,"3050"
CR217197,Brazil,"3046"
CR217198,Brazil,"3042"
CR217199,Brazil,"3038"
CR217200,Brazil,"3034"
CR218189,Brazil,"597"
CR218190,Brazil,"3067"
CR218191,Brazil,"3065"
CR218192,Brazil,"3062"
CR218193,Brazil,"3059"
CR218194,Brazil,"3056"
CR218195,Brazil,"3053"
CR218196,Brazil,"3050"
CR218197,Brazil,"3046"
CR218198,Brazil,"3042"
CR218199,Brazil,"3038"
CR218200,Brazil,"2613"
CR219189,Brazil,"1875"
CR219190,Brazil,"3067"
CR219191,Brazil,"3065"
CR219192,Brazil,"3062"
CR219193,Brazil,"3059"
CR219194,Brazil,"3056"
CR219195,Brazil,"3053"
CR219196,Brazil,"3050"
CR219197,Brazil,"3046"
CR219198,Brazil,"3042"
CR219199,Brazil,"2954"
CR219200,Brazil,"1096"
CR219201,Brazil,"505"
CR219202,Brazil,"420"
CR220180,Brazil,"256"
CR220181,Brazil,"171"
CR220189,Brazil,"1620"
CR220190,Brazil,"3067"
CR220191,Brazil,"3065"
CR220192,Brazil,"3062"
CR220193,Brazil,"3059"
CR220194,Brazil,"3056"
CR220195,Brazil,"3053"
CR220196,Brazil,"3050"
CR220197,Brazil,"3046"
CR220198,Brazil,"3042"
CR220199,Brazil,"3038"
CR220200,Brazil,"3034"
CR220201,Brazil,"3029"
CR220202,Brazil,"3025"
CR220203,Brazil,"252"
CR221177,Brazil,"940"
CR221178,Brazil,"1709"
CR221179,Brazil,"769"
CR221180,Brazil,"3077"
CR221181,Brazil,"2564"
CR221182,Brazil,"342"
CR221185,Brazil,"427"
CR221186,Brazil,"1025"
CR221187,Brazil,"1536"
CR221188,Brazil,"2133"
CR221189,Brazil,"2387"
CR221190,Brazil,"3067"
CR221191,Brazil,"3065"
CR221192,Brazil,"3062"
CR221193,Brazil,"3059"
CR221194,Brazil,"3056"
CR221195,Brazil,"3053"
CR221196,Brazil,"3050"
CR221197,Brazil,"3046"
CR221198,Brazil,"3042"
CR221199,Brazil,"3038"
CR221200,Brazil,"3034"
CR221201,Brazil,"3029"
CR221202,Brazil,"2689"
CR222177,Brazil,"1538"
CR222178,Brazil,"2906"
CR222179,Brazil,"1795"
CR222180,Brazil,"3077"
CR222181,Brazil,"3077"
CR222182,Brazil,"3077"
CR222183,Brazil,"2393"
CR222184,Brazil,"2905"
CR222185,Brazil,"3075"
CR222186,Brazil,"2903"
CR222187,Brazil,"3072"
CR222188,Brazil,"2730"
CR222189,Brazil,"2813"
CR222190,Brazil,"3067"
CR222191,Brazil,"3065"
CR222192,Brazil,"3062"
CR222193,Brazil,"3059"
CR222194,Brazil,"3056"
CR222195,Brazil,"3053"
CR222196,Brazil,"3050"
CR222197,Brazil,"3046"
CR222198,Brazil,"3042"
CR222199,Brazil,"3038"
CR222200,Brazil,"3034"
CR222201,Brazil,"3029"
CR222202,Brazil,"2773"
CR223177,Brazil,"1538"
CR223178,Brazil,"3077"
CR223179,Brazil,"3077"
CR223180,Brazil,"3077"
CR223181,Brazil,"3077"
CR223182,Brazil,"3077"
CR223183,Brazil,"3077"
CR223184,Brazil,"2990"
CR223185,Brazil,"3075"
CR223186,Brazil,"2988"
CR223187,Brazil,"2816"
CR223188,Brazil,"2986"
CR223189,Brazil,"3069"
CR223190,Brazil,"3067"
CR223191,Brazil,"3065"
CR223192,Brazil,"3062"
CR223193,Brazil,"3059"
CR223194,Brazil,"3056"
CR223195,Brazil,"3053"
CR223196,Brazil,"3050"
CR223197,Brazil,"3046"
CR223198,Brazil,"3042"
CR223199,Brazil,"3038"
CR223200,Brazil,"3034"
CR223201,Brazil,"3029"
CR223202,Brazil,"3025"
CR223203,Brazil,"336"
CR224177,Brazil,"2051"
CR224178,Brazil,"3077"
CR224179,Brazil,"3077"
CR224180,Brazil,"3077"
CR224181,Brazil,"3077"
CR224182,Brazil,"3077"
CR224183,Brazil,"2991"
CR224184,Brazil,"2990"
CR224185,Brazil,"3075"
CR224186,Brazil,"2988"
CR224187,Brazil,"2646"
CR224188,Brazil,"3071"
CR224189,Brazil,"3069"
CR224190,Brazil,"3067"
CR224191,Brazil,"3065"
CR224192,Brazil,"3062"
CR224193,Brazil,"3059"
CR224194,Brazil,"3056"
CR224195,Brazil,"3053"
CR224196,Brazil,"3050"
CR224197,Brazil,"3046"
CR224198,Brazil,"3042"
CR224199,Brazil,"3038"
CR224200,Brazil,"3034"
CR224201,Brazil,"3029"
CR224202,Brazil,"2269"
CR225176,Brazil,"85"
CR225177,Brazil,"2307"
CR225178,Brazil,"3077"
CR225179,Brazil,"3077"
CR225180,Brazil,"3077"
CR225181,Brazil,"3077"
CR225182,Brazil,"3077"
CR225183,Brazil,"3077"
CR225184,Brazil,"2990"
CR225185,Brazil,"3075"
CR225186,Brazil,"2818"
CR225187,Brazil,"2816"
CR225188,Brazil,"3071"
CR225189,Brazil,"3069"
CR225190,Brazil,"3067"
CR225191,Brazil,"3065"
CR225192,Brazil,"3062"
CR225193,Brazil,"3059"
CR225194,Brazil,"3056"
CR225195,Brazil,"3053"
CR225196,Brazil,"3050"
CR225197,Brazil,"3046"
CR225198,Brazil,"3042"
CR225199,Brazil,"3038"
CR225200,Brazil,"3034"
CR225201,Brazil,"3029"
CR225202,Brazil,"757"
CR226176,Brazil,"256"
CR226177,Brazil,"2136"
CR226178,Brazil,"2735"
CR226179,Brazil,"3077"
CR226180,Brazil,"2735"
CR226181,Brazil,"2992"
CR226182,Brazil,"3077"
CR226183,Brazil,"3077"
CR226184,Brazil,"2990"
CR226185,Brazil,"3075"
CR226186,Brazil,"2732"
CR226187,Brazil,"3072"
CR226188,Brazil,"3071"
CR226189,Brazil,"3069"
CR226190,Brazil,"3067"
CR226191,Brazil,"3065"
CR226192,Brazil,"3062"
CR226193,Brazil,"3059"
CR226194,Brazil,"3056"
CR226195,Brazil,"3053"
CR226196,Brazil,"3050"
CR226197,Brazil,"3046"
CR226198,Brazil,"3042"
CR226199,Brazil,"3038"
CR226200,Brazil,"3034"
CR226201,Brazil,"1936"
CR227178,Brazil,"684"
CR227179,Brazil,"2992"
CR227180,Brazil,"3077"
CR227181,Brazil,"2735"
CR227182,Brazil,"3077"
CR227183,Brazil,"3077"
CR227184,Brazil,"2990"
CR227185,Brazil,"3075"
CR227186,Brazil,"2561"
CR227187,Brazil,"3072"
CR227188,Brazil,"3071"
CR227189,Brazil,"3069"
CR227190,Brazil,"3067"
CR227191,Brazil,"3065"
CR227192,Brazil,"3062"
CR227193,Brazil,"3059"
CR227194,Brazil,"3056"
CR227195,Brazil,"3053"
CR227196,Brazil,"3050"
CR227197,Brazil,"3046"
CR227198,Brazil,"3042"
CR227199,Brazil,"3038"
CR227200,Brazil,"2866"
CR227201,Brazil,"253"
CR228179,Brazil,"1795"
CR228180,Brazil,"3077"
CR228181,Brazil,"2992"
CR228182,Brazil,"3077"
CR228183,Brazil,"3077"
CR228184,Brazil,"2820"
CR228185,Brazil,"2990"
CR228186,Brazil,"2732"
CR228187,Brazil,"3072"
CR228188,Brazil,"3071"
CR228189,Brazil,"3069"
CR228190,Brazil,"3067"
CR228191,Brazil,"3065"
CR228192,Brazil,"3062"
CR228193,Brazil,"3059"
CR228194,Brazil,"3056"
CR228195,Brazil,"3053"
CR228196,Brazil,"3050"
CR228197,Brazil,"3046"
CR228198,Brazil,"3042"
CR228199,Brazil,"3038"
CR228200,Brazil,"1855"
CR229179,Brazil,"2650"
CR229180,Brazil,"3077"
CR229181,Brazil,"2906"
CR229182,Brazil,"3077"
CR229183,Brazil,"2906"
CR229184,Brazil,"2820"
CR229185,Brazil,"3075"
CR229186,Brazil,"2732"
CR229187,Brazil,"3072"
CR229188,Brazil,"3071"
CR229189,Brazil,"3069"
CR229190,Brazil,"3067"
CR229191,Brazil,"3065"
CR229192,Brazil,"3062"
CR229193,Brazil,"3059"
CR229194,Brazil,"3056"
CR229195,Brazil,"3053"
CR229196,Brazil,"3050"
CR229197,Brazil,"3046"
CR229198,Brazil,"3042"
CR229199,Brazil,"3038"
CR229200,Brazil,"1686"
CR230178,Brazil,"342"
CR230179,Brazil,"2393"
CR230180,Brazil,"3077"
CR230181,Brazil,"2735"
CR230182,Brazil,"3077"
CR230183,Brazil,"3077"
CR230184,Brazil,"2392"
CR230185,Brazil,"2733"
CR230186,Brazil,"2476"
CR230187,Brazil,"2987"
CR230188,Brazil,"3071"
CR230189,Brazil,"3069"
CR230190,Brazil,"3067"
CR230191,Brazil,"3065"
CR230192,Brazil,"3062"
CR230193,Brazil,"3059"
CR230194,Brazil,"3056"
CR230195,Brazil,"3053"
CR230196,Brazil,"3050"
CR230197,Brazil,"3046"
CR230198,Brazil,"3042"
CR230199,Brazil,"3038"
CR230200,Brazil,"2276"
CR230201,Brazil,"2104"
CR230202,Brazil,"2269"
CR230203,Brazil,"2181"
CR230204,Brazil,"586"
CR231172,Brazil,"426"
CR231173,Brazil,"171"
CR231178,Brazil,"1709"
CR231179,Brazil,"3077"
CR231180,Brazil,"3077"
CR231181,Brazil,"2564"
CR231182,Brazil,"2992"
CR231183,Brazil,"3077"
CR231184,Brazil,"3076"
CR231185,Brazil,"3075"
CR231186,Brazil,"2903"
CR231187,Brazil,"2304"
CR231188,Brazil,"2900"
CR231189,Brazil,"3069"
CR231190,Brazil,"3067"
CR231191,Brazil,"3065"
CR231192,Brazil,"3062"
CR231193,Brazil,"3059"
CR231194,Brazil,"3056"
CR231195,Brazil,"3053"
CR231196,Brazil,"3050"
CR231197,Brazil,"3046"
CR231198,Brazil,"3042"
CR231199,Brazil,"2870"
CR231200,Brazil,"2950"
CR231201,Brazil,"3029"
CR231202,Brazil,"3025"
CR231203,Brazil,"3020"
CR231204,Brazil,"3014"
CR231205,Brazil,"585"
CR232172,Brazil,"767"
CR232173,Brazil,"2132"
CR232174,Brazil,"1366"
CR232175,Brazil,"171"
CR232177,Brazil,"513"
CR232178,Brazil,"2991"
CR232179,Brazil,"3077"
CR232180,Brazil,"3077"
CR232181,Brazil,"2479"
CR232182,Brazil,"3077"
CR232183,Brazil,"3077"
CR232184,Brazil,"3076"
CR232185,Brazil,"3075"
CR232186,Brazil,"3074"
CR232187,Brazil,"3072"
CR232188,Brazil,"2474"
CR232189,Brazil,"3069"
CR232190,Brazil,"3067"
CR232191,Brazil,"3065"
CR232192,Brazil,"3062"
CR232193,Brazil,"3059"
CR232194,Brazil,"3056"
CR232195,Brazil,"3053"
CR232196,Brazil,"3050"
CR232197,Brazil,"3046"
CR232198,Brazil,"3042"
CR232199,Brazil,"2954"
CR232200,Brazil,"3034"
CR232201,Brazil,"3029"
CR232202,Brazil,"3025"
CR232203,Brazil,"3020"
CR232204,Brazil,"3014"
CR232205,Brazil,"2925"
CR233173,Brazil,"2474"
CR233174,Brazil,"3072"
CR233175,Brazil,"3074"
CR233176,Brazil,"598"
CR233177,Brazil,"3076"
CR233178,Brazil,"3077"
CR233179,Brazil,"3077"
CR233180,Brazil,"3077"
CR233181,Brazil,"2222"
CR233182,Brazil,"2992"
CR233183,Brazil,"3077"
CR233184,Brazil,"3076"
CR233185,Brazil,"3075"
CR233186,Brazil,"3074"
CR233187,Brazil,"3072"
CR233188,Brazil,"2559"
CR233189,Brazil,"2898"
CR233190,Brazil,"3067"
CR233191,Brazil,"3065"
CR233192,Brazil,"3062"
CR233193,Brazil,"3059"
CR233194,Brazil,"3056"
CR233195,Brazil,"3053"
CR233196,Brazil,"3050"
CR233197,Brazil,"3046"
CR233198,Brazil,"2958"
CR233199,Brazil,"3038"
CR233200,Brazil,"3034"
CR233201,Brazil,"3029"
CR233202,Brazil,"3025"
CR233203,Brazil,"3020"
CR233204,Brazil,"3014"
CR233205,Brazil,"2925"
CR233206,Brazil,"83"
CR234173,Brazil,"2133"
CR234174,Brazil,"3072"
CR234175,Brazil,"3074"
CR234176,Brazil,"2648"
CR234177,Brazil,"3076"
CR234178,Brazil,"3077"
CR234179,Brazil,"3077"
CR234180,Brazil,"3077"
CR234181,Brazil,"3077"
CR234182,Brazil,"2650"
CR234183,Brazil,"3077"
CR234184,Brazil,"3076"
CR234185,Brazil,"3075"
CR234186,Brazil,"3074"
CR234187,Brazil,"2987"
CR234188,Brazil,"2218"
CR234189,Brazil,"2387"
CR234190,Brazil,"3067"
CR234191,Brazil,"3065"
CR234192,Brazil,"3062"
CR234193,Brazil,"3059"
CR234194,Brazil,"3056"
CR234195,Brazil,"3053"
CR234196,Brazil,"3050"
CR234197,Brazil,"2877"
CR234198,Brazil,"3042"
CR234199,Brazil,"3038"
CR234200,Brazil,"3034"
CR234201,Brazil,"3029"
CR234202,Brazil,"3025"
CR234203,Brazil,"3020"
CR234204,Brazil,"3014"
CR234205,Brazil,"3009"
CR234206,Brazil,"1085"
CR235172,Brazil,"85"
CR235173,Brazil,"2047"
CR235174,Brazil,"3072"
CR235175,Brazil,"3074"
CR235176,Brazil,"3075"
CR235177,Brazil,"3076"
CR235178,Brazil,"3077"
CR235179,Brazil,"3077"
CR235180,Brazil,"3077"
CR235181,Brazil,"3077"
CR235182,Brazil,"2650"
CR235183,Brazil,"2649"
CR235184,Brazil,"3076"
CR235185,Brazil,"3075"
CR235186,Brazil,"3074"
CR235187,Brazil,"2646"
CR235188,Brazil,"2559"
CR235189,Brazil,"2984"
CR235190,Brazil,"3067"
CR235191,Brazil,"3065"
CR235192,Brazil,"3062"
CR235193,Brazil,"3059"
CR235194,Brazil,"2972"
CR235195,Brazil,"2884"
CR235196,Brazil,"2965"
CR235197,Brazil,"3046"
CR235198,Brazil,"3042"
CR235199,Brazil,"3038"
CR235200,Brazil,"3034"
CR235201,Brazil,"3029"
CR235202,Brazil,"3025"
CR235203,Brazil,"3020"
CR235204,Brazil,"3014"
CR235205,Brazil,"3009"
CR235206,Brazil,"2753"
CR235207,Brazil,"167"
CR236172,Brazil,"853"
CR236173,Brazil,"3071"
CR236174,Brazil,"3072"
CR236175,Brazil,"3074"
CR236176,Brazil,"3075"
CR236177,Brazil,"3076"
CR236178,Brazil,"3077"
CR236179,Brazil,"3077"
CR236180,Brazil,"3077"
CR236181,Brazil,"3077"
CR236182,Brazil,"3077"
CR236183,Brazil,"2136"
CR236184,Brazil,"3076"
CR236185,Brazil,"3075"
CR236186,Brazil,"3074"
CR236187,Brazil,"3072"
CR236188,Brazil,"2559"
CR236189,Brazil,"2984"
CR236190,Brazil,"3067"
CR236191,Brazil,"3065"
CR236192,Brazil,"3062"
CR236193,Brazil,"2974"
CR236194,Brazil,"3056"
CR236195,Brazil,"3053"
CR236196,Brazil,"3050"
CR236197,Brazil,"3046"
CR236198,Brazil,"3042"
CR236199,Brazil,"3038"
CR236200,Brazil,"3034"
CR236201,Brazil,"3029"
CR236202,Brazil,"3025"
CR236203,Brazil,"3020"
CR236204,Brazil,"3014"
CR236205,Brazil,"3009"
CR236206,Brazil,"3003"
CR236207,Brazil,"1000"
CR237172,Brazil,"1364"
CR237173,Brazil,"3071"
CR237174,Brazil,"3072"
CR237175,Brazil,"3074"
CR237176,Brazil,"3075"
CR237177,Brazil,"3076"
CR237178,Brazil,"3077"
CR237179,Brazil,"2992"
CR237180,Brazil,"2992"
CR237181,Brazil,"2564"
CR237182,Brazil,"2821"
CR237183,Brazil,"2307"
CR237184,Brazil,"2905"
CR237185,Brazil,"3075"
CR237186,Brazil,"3074"
CR237187,Brazil,"3072"
CR237188,Brazil,"2559"
CR237189,Brazil,"3069"
CR237190,Brazil,"3067"
CR237191,Brazil,"3065"
CR237192,Brazil,"3062"
CR237193,Brazil,"2974"
CR237194,Brazil,"3056"
CR237195,Brazil,"3053"
CR237196,Brazil,"3050"
CR237197,Brazil,"3046"
CR237198,Brazil,"3042"
CR237199,Brazil,"3038"
CR237200,Brazil,"3034"
CR237201,Brazil,"3029"
CR237202,Brazil,"3025"
CR237203,Brazil,"3020"
CR237204,Brazil,"3014"
CR237205,Brazil,"3009"
CR237206,Brazil,"3003"
CR237207,Brazil,"2831"
CR238172,Brazil,"2813"
CR238173,Brazil,"3071"
CR238174,Brazil,"3072"
CR238175,Brazil,"3074"
CR238176,Brazil,"3075"
CR238177,Brazil,"2990"
CR238178,Brazil,"2991"
CR238179,Brazil,"2821"
CR238180,Brazil,"3077"
CR238181,Brazil,"3077"
CR238182,Brazil,"3077"
CR238183,Brazil,"3077"
CR238184,Brazil,"2734"
CR238185,Brazil,"2477"
CR238186,Brazil,"2988"
CR238187,Brazil,"2646"
CR238188,Brazil,"2559"
CR238189,Brazil,"3069"
CR238190,Brazil,"3067"
CR238191,Brazil,"3065"
CR238192,Brazil,"2892"
CR238193,Brazil,"3059"
CR238194,Brazil,"3056"
CR238195,Brazil,"3053"
CR238196,Brazil,"3050"
CR238197,Brazil,"3046"
CR238198,Brazil,"3042"
CR238199,Brazil,"3038"
CR238200,Brazil,"3034"
CR238201,Brazil,"3029"
CR238202,Brazil,"3025"
CR238203,Brazil,"3020"
CR238204,Brazil,"3014"
CR238205,Brazil,"3009"
CR238206,Brazil,"3003"
CR238207,Brazil,"2997"
CR238208,Brazil,"166"
CR239170,Brazil,"511"
CR239171,Brazil,"1874"
CR239172,Brazil,"3069"
CR239173,Brazil,"3071"
CR239174,Brazil,"3072"
CR239175,Brazil,"3074"
CR239176,Brazil,"3075"
CR239177,Brazil,"3076"
CR239178,Brazil,"3077"
CR239179,Brazil,"3077"
CR239180,Brazil,"3077"
CR239181,Brazil,"3077"
CR239182,Brazil,"3077"
CR239183,Brazil,"3077"
CR239184,Brazil,"3076"
CR239185,Brazil,"2990"
CR239186,Brazil,"1537"
CR239187,Brazil,"2475"
CR239188,Brazil,"2815"
CR239189,Brazil,"3069"
CR239190,Brazil,"3067"
CR239191,Brazil,"2980"
CR239192,Brazil,"3062"
CR239193,Brazil,"3059"
CR239194,Brazil,"3056"
CR239195,Brazil,"3053"
CR239196,Brazil,"3050"
CR239197,Brazil,"3046"
CR239198,Brazil,"3042"
CR239199,Brazil,"3038"
CR239200,Brazil,"3034"
CR239201,Brazil,"3029"
CR239202,Brazil,"3025"
CR239203,Brazil,"3020"
CR239204,Brazil,"3014"
CR239205,Brazil,"3009"
CR239206,Brazil,"3003"
CR239207,Brazil,"2997"
CR239208,Brazil,"1164"
CR239211,Brazil,"83"
CR240170,Brazil,"1192"
CR240171,Brazil,"2811"
CR240172,Brazil,"3069"
CR240173,Brazil,"3071"
CR240174,Brazil,"3072"
CR240175,Brazil,"3074"
CR240176,Brazil,"3075"
CR240177,Brazil,"3076"
CR240178,Brazil,"3077"
CR240179,Brazil,"3077"
CR240180,Brazil,"3077"
CR240181,Brazil,"3077"
CR240182,Brazil,"3077"
CR240183,Brazil,"3077"
CR240184,Brazil,"3076"
CR240185,Brazil,"3075"
CR240186,Brazil,"2988"
CR240187,Brazil,"2134"
CR240188,Brazil,"2815"
CR240189,Brazil,"3069"
CR240190,Brazil,"2897"
CR240191,Brazil,"2980"
CR240192,Brazil,"3062"
CR240193,Brazil,"3059"
CR240194,Brazil,"3056"
CR240195,Brazil,"3053"
CR240196,Brazil,"3050"
CR240197,Brazil,"3046"
CR240198,Brazil,"3042"
CR240199,Brazil,"3038"
CR240200,Brazil,"3034"
CR240201,Brazil,"3029"
CR240202,Brazil,"3025"
CR240203,Brazil,"3020"
CR240204,Brazil,"3014"
CR240205,Brazil,"3009"
CR240206,Brazil,"3003"
CR240207,Brazil,"2997"
CR240208,Brazil,"2908"
CR240209,Brazil,"2571"
CR240210,Brazil,"1572"
CR240211,Brazil,"2229"
CR240212,Brazil,"1071"
CR240213,Brazil,"493"
CR241172,Brazil,"1790"
CR241173,Brazil,"2047"
CR241174,Brazil,"768"
CR241175,Brazil,"85"
CR241176,Brazil,"1110"
CR241177,Brazil,"2392"
CR241178,Brazil,"3077"
CR241179,Brazil,"3077"
CR241180,Brazil,"3077"
CR241181,Brazil,"3077"
CR241182,Brazil,"3077"
CR241183,Brazil,"3077"
CR241184,Brazil,"3076"
CR241185,Brazil,"3075"
CR241186,Brazil,"3074"
CR241187,Brazil,"2646"
CR241188,Brazil,"2986"
CR241189,Brazil,"2899"
CR241190,Brazil,"3067"
CR241191,Brazil,"3065"
CR241192,Brazil,"3062"
CR241193,Brazil,"3059"
CR241194,Brazil,"3056"
CR241195,Brazil,"3053"
CR241196,Brazil,"3050"
CR241197,Brazil,"3046"
CR241198,Brazil,"3042"
CR241199,Brazil,"3038"
CR241200,Brazil,"3034"
CR241201,Brazil,"3029"
CR241202,Brazil,"3025"
CR241203,Brazil,"3020"
CR241204,Brazil,"3014"
CR241205,Brazil,"3009"
CR241206,Brazil,"3003"
CR241207,Brazil,"2997"
CR241208,Brazil,"2991"
CR241209,Brazil,"2985"
CR241210,Brazil,"2978"
CR241211,Brazil,"2972"
CR241212,Brazil,"2965"
CR241213,Brazil,"1480"
CR242177,Brazil,"85"
CR242178,Brazil,"2564"
CR242179,Brazil,"3077"
CR242180,Brazil,"3077"
CR242181,Brazil,"3077"
CR242182,Brazil,"3077"
CR242183,Brazil,"3077"
CR242184,Brazil,"3076"
CR242185,Brazil,"3075"
CR242186,Brazil,"3074"
CR242187,Brazil,"2646"
CR242188,Brazil,"2644"
CR242189,Brazil,"2813"
CR242190,Brazil,"3067"
CR242191,Brazil,"3065"
CR242192,Brazil,"3062"
CR242193,Brazil,"3059"
CR242194,Brazil,"3056"
CR242195,Brazil,"3053"
CR242196,Brazil,"3050"
CR242197,Brazil,"3046"
CR242198,Brazil,"3042"
CR242199,Brazil,"3038"
CR242200,Brazil,"3034"
CR242201,Brazil,"3029"
CR242202,Brazil,"3025"
CR242203,Brazil,"3020"
CR242204,Brazil,"3014"
CR242205,Brazil,"3009"
CR242206,Brazil,"3003"
CR242207,Brazil,"2997"
CR242208,Brazil,"2991"
CR242209,Brazil,"2985"
CR242210,Brazil,"2978"
CR242211,Brazil,"2972"
CR242212,Brazil,"2965"
CR242213,Brazil,"1644"
CR243178,Brazil,"1538"
CR243179,Brazil,"3077"
CR243180,Brazil,"3077"
CR243181,Brazil,"3077"
CR243182,Brazil,"3077"
CR243183,Brazil,"3077"
CR243184,Brazil,"3076"
CR243185,Brazil,"3075"
CR243186,Brazil,"3074"
CR243187,Brazil,"2646"
CR243188,Brazil,"2815"
CR243189,Brazil,"2898"
CR243190,Brazil,"3067"
CR243191,Brazil,"3065"
CR243192,Brazil,"3062"
CR243193,Brazil,"3059"
CR243194,Brazil,"3056"
CR243195,Brazil,"3053"
CR243196,Brazil,"3050"
CR243197,Brazil,"3046"
CR243198,Brazil,"3042"
CR243199,Brazil,"3038"
CR243200,Brazil,"3034"
CR243201,Brazil,"3029"
CR243202,Brazil,"3025"
CR243203,Brazil,"3020"
CR243204,Brazil,"3014"
CR243205,Brazil,"3009"
CR243206,Brazil,"3003"
CR243207,Brazil,"2997"
CR243208,Brazil,"2991"
CR243209,Brazil,"2985"
CR243210,Brazil,"2978"
CR243211,Brazil,"2972"
CR243212,Brazil,"2965"
CR243213,Brazil,"1972"
CR244177,Brazil,"256"
CR244178,Brazil,"3077"
CR244179,Brazil,"3077"
CR244180,Brazil,"3077"
CR244181,Brazil,"3077"
CR244182,Brazil,"3077"
CR244183,Brazil,"3077"
CR244184,Brazil,"3076"
CR244185,Brazil,"3075"
CR244186,Brazil,"2391"
CR244187,Brazil,"2560"
CR244188,Brazil,"3071"
CR244189,Brazil,"3069"
CR244190,Brazil,"3067"
CR244191,Brazil,"3065"
CR244192,Brazil,"3062"
CR244193,Brazil,"2974"
CR244194,Brazil,"2802"
CR244195,Brazil,"2968"
CR244196,Brazil,"3050"
CR244197,Brazil,"3046"
CR244198,Brazil,"3042"
CR244199,Brazil,"3038"
CR244200,Brazil,"3034"
CR244201,Brazil,"3029"
CR244202,Brazil,"3025"
CR244203,Brazil,"3020"
CR244204,Brazil,"3014"
CR244205,Brazil,"3009"
CR244206,Brazil,"3003"
CR244207,Brazil,"2997"
CR244208,Brazil,"2991"
CR244209,Brazil,"2985"
CR244210,Brazil,"2978"
CR244211,Brazil,"2972"
CR244212,Brazil,"2965"
CR244213,Brazil,"2547"
CR244214,Brazil,"2622"
CR244215,Brazil,"1717"
CR244220,Brazil,"242"
CR244221,Brazil,"402"
CR245177,Brazil,"1111"
CR245178,Brazil,"3077"
CR245179,Brazil,"3077"
CR245180,Brazil,"3077"
CR245181,Brazil,"3077"
CR245182,Brazil,"3077"
CR245183,Brazil,"3077"
CR245184,Brazil,"3076"
CR245185,Brazil,"2904"
CR245186,Brazil,"2647"
CR245187,Brazil,"2987"
CR245188,Brazil,"2730"
CR245189,Brazil,"3069"
CR245190,Brazil,"3067"
CR245191,Brazil,"3065"
CR245192,Brazil,"3062"
CR245193,Brazil,"2889"
CR245194,Brazil,"3056"
CR245195,Brazil,"3053"
CR245196,Brazil,"3050"
CR245197,Brazil,"3046"
CR245198,Brazil,"3042"
CR245199,Brazil,"3038"
CR245200,Brazil,"3034"
CR245201,Brazil,"3029"
CR245202,Brazil,"3025"
CR245203,Brazil,"3020"
CR245204,Brazil,"3014"
CR245205,Brazil,"3009"
CR245206,Brazil,"3003"
CR245207,Brazil,"2997"
CR245208,Brazil,"2991"
CR245209,Brazil,"2985"
CR245210,Brazil,"2978"
CR245211,Brazil,"2972"
CR245212,Brazil,"2965"
CR245213,Brazil,"2957"
CR245214,Brazil,"2950"
CR245215,Brazil,"2942"
CR245216,Brazil,"1223"
CR245217,Brazil,"406"
CR245218,Brazil,"1297"
CR245219,Brazil,"2182"
CR245220,Brazil,"2740"
CR245221,Brazil,"2892"
CR245222,Brazil,"2562"
CR245223,Brazil,"2155"
CR245224,Brazil,"2466"
CR245225,Brazil,"714"
CR245241,Brazil,"74"
CR246177,Brazil,"2734"
CR246178,Brazil,"3077"
CR246179,Brazil,"3077"
CR246180,Brazil,"3077"
CR246181,Brazil,"3077"
CR246182,Brazil,"3077"
CR246183,Brazil,"3077"
CR246184,Brazil,"3076"
CR246185,Brazil,"2990"
CR246186,Brazil,"2476"
CR246187,Brazil,"2902"
CR246188,Brazil,"2986"
CR246189,Brazil,"3069"
CR246190,Brazil,"3067"
CR246191,Brazil,"2980"
CR246192,Brazil,"2977"
CR246193,Brazil,"3059"
CR246194,Brazil,"3056"
CR246195,Brazil,"3053"
CR246196,Brazil,"3050"
CR246197,Brazil,"3046"
CR246198,Brazil,"3042"
CR246199,Brazil,"3038"
CR246200,Brazil,"3034"
CR246201,Brazil,"3029"
CR246202,Brazil,"3025"
CR246203,Brazil,"3020"
CR246204,Brazil,"3014"
CR246205,Brazil,"3009"
CR246206,Brazil,"3003"
CR246207,Brazil,"2997"
CR246208,Brazil,"2991"
CR246209,Brazil,"2985"
CR246210,Brazil,"2978"
CR246211,Brazil,"2972"
CR246212,Brazil,"2965"
CR246213,Brazil,"2957"
CR246214,Brazil,"2950"
CR246215,Brazil,"2942"
CR246216,Brazil,"2934"
CR246217,Brazil,"2926"
CR246218,Brazil,"2918"
CR246219,Brazil,"2909"
CR246220,Brazil,"2901"
CR246221,Brazil,"2892"
CR246222,Brazil,"2882"
CR246223,Brazil,"2873"
CR246224,Brazil,"2863"
CR246225,Brazil,"1349"
CR246240,Brazil,"892"
CR246241,Brazil,"1039"
CR247177,Brazil,"2478"
CR247178,Brazil,"3077"
CR247179,Brazil,"2992"
CR247180,Brazil,"3077"
CR247181,Brazil,"3077"
CR247182,Brazil,"3077"
CR247183,Brazil,"2820"
CR247184,Brazil,"2990"
CR247185,Brazil,"3075"
CR247186,Brazil,"2476"
CR247187,Brazil,"3072"
CR247188,Brazil,"3071"
CR247189,Brazil,"3069"
CR247190,Brazil,"2982"
CR247191,Brazil,"2809"
CR247192,Brazil,"3062"
CR247193,Brazil,"3059"
CR247194,Brazil,"3056"
CR247195,Brazil,"3053"
CR247196,Brazil,"3050"
CR247197,Brazil,"3046"
CR247198,Brazil,"3042"
CR247199,Brazil,"3038"
CR247200,Brazil,"3034"
CR247201,Brazil,"3029"
CR247202,Brazil,"3025"
CR247203,Brazil,"3020"
CR247204,Brazil,"3014"
CR247205,Brazil,"3009"
CR247206,Brazil,"3003"
CR247207,Brazil,"2997"
CR247208,Brazil,"2991"
CR247209,Brazil,"2985"
CR247210,Brazil,"2978"
CR247211,Brazil,"2972"
CR247212,Brazil,"2965"
CR247213,Brazil,"2957"
CR247214,Brazil,"2950"
CR247215,Brazil,"2942"
CR247216,Brazil,"2934"
CR247217,Brazil,"2926"
CR247218,Brazil,"2918"
CR247219,Brazil,"2909"
CR247220,Brazil,"2901"
CR247221,Brazil,"2892"
CR247222,Brazil,"2882"
CR247223,Brazil,"2873"
CR247224,Brazil,"2863"
CR247225,Brazil,"1349"
CR247239,Brazil,"897"
CR247240,Brazil,"2606"
CR247241,Brazil,"965"
CR248176,Brazil,"171"
CR248177,Brazil,"2392"
CR248178,Brazil,"3077"
CR248179,Brazil,"3077"
CR248180,Brazil,"3077"
CR248181,Brazil,"3077"
CR248182,Brazil,"3077"
CR248183,Brazil,"2820"
CR248184,Brazil,"2820"
CR248185,Brazil,"2392"
CR248186,Brazil,"3074"
CR248187,Brazil,"3072"
CR248188,Brazil,"3071"
CR248189,Brazil,"2813"
CR248190,Brazil,"2811"
CR248191,Brazil,"3065"
CR248192,Brazil,"3062"
CR248193,Brazil,"3059"
CR248194,Brazil,"3056"
CR248195,Brazil,"3053"
CR248196,Brazil,"3050"
CR248197,Brazil,"3046"
CR248198,Brazil,"3042"
CR248199,Brazil,"3038"
CR248200,Brazil,"3034"
CR248201,Brazil,"3029"
CR248202,Brazil,"3025"
CR248203,Brazil,"3020"
CR248204,Brazil,"3014"
CR248205,Brazil,"3009"
CR248206,Brazil,"3003"
CR248207,Brazil,"2997"
CR248208,Brazil,"2991"
CR248209,Brazil,"2985"
CR248210,Brazil,"2978"
CR248211,Brazil,"2972"
CR248212,Brazil,"2965"
CR248213,Brazil,"2957"
CR248214,Brazil,"2950"
CR248215,Brazil,"2942"
CR248216,Brazil,"2934"
CR248217,Brazil,"2926"
CR248218,Brazil,"2918"
CR248219,Brazil,"2909"
CR248220,Brazil,"2901"
CR248221,Brazil,"2892"
CR248222,Brazil,"2882"
CR248223,Brazil,"2873"
CR248224,Brazil,"2863"
CR248225,Brazil,"1190"
CR248238,Brazil,"1127"
CR248239,Brazil,"2619"
CR248240,Brazil,"2680"
CR248241,Brazil,"2593"
CR248242,Brazil,"517"
CR249176,Brazil,"2648"
CR249177,Brazil,"2905"
CR249178,Brazil,"3077"
CR249179,Brazil,"3077"
CR249180,Brazil,"3077"
CR249181,Brazil,"3077"
CR249182,Brazil,"3077"
CR249183,Brazil,"2991"
CR249184,Brazil,"1965"
CR249185,Brazil,"2733"
CR249186,Brazil,"3074"
CR249187,Brazil,"3072"
CR249188,Brazil,"2644"
CR249189,Brazil,"2898"
CR249190,Brazil,"3067"
CR249191,Brazil,"3065"
CR249192,Brazil,"3062"
CR249193,Brazil,"3059"
CR249194,Brazil,"3056"
CR249195,Brazil,"3053"
CR249196,Brazil,"3050"
CR249197,Brazil,"3046"
CR249198,Brazil,"3042"
CR249199,Brazil,"3038"
CR249200,Brazil,"3034"
CR249201,Brazil,"3029"
CR249202,Brazil,"3025"
CR249203,Brazil,"3020"
CR249204,Brazil,"3014"
CR249205,Brazil,"3009"
CR249206,Brazil,"3003"
CR249207,Brazil,"2997"
CR249208,Brazil,"2991"
CR249209,Brazil,"2985"
CR249210,Brazil,"2978"
CR249211,Brazil,"2972"
CR249212,Brazil,"2965"
CR249213,Brazil,"2957"
CR249214,Brazil,"2950"
CR249215,Brazil,"2942"
CR249216,Brazil,"2934"
CR249217,Brazil,"2926"
CR249218,Brazil,"2918"
CR249219,Brazil,"2909"
CR249220,Brazil,"2901"
CR249221,Brazil,"2892"
CR249222,Brazil,"2882"
CR249223,Brazil,"2873"
CR249224,Brazil,"2863"
CR249225,Brazil,"2379"
CR249226,Brazil,"948"
CR249227,Brazil,"236"
CR249237,Brazil,"1056"
CR249238,Brazil,"2706"
CR249239,Brazil,"2693"
CR249240,Brazil,"2681"
CR249241,Brazil,"2667"
CR249242,Brazil,"2433"
CR249243,Brazil,"147"
CR250175,Brazil,"85"
CR250176,Brazil,"2904"
CR250177,Brazil,"3076"
CR250178,Brazil,"3077"
CR250179,Brazil,"3077"
CR250180,Brazil,"3077"
CR250181,Brazil,"3077"
CR250182,Brazil,"3077"
CR250183,Brazil,"3077"
CR250184,Brazil,"3076"
CR250185,Brazil,"1794"
CR250186,Brazil,"2135"
CR250187,Brazil,"2646"
CR250188,Brazil,"3071"
CR250189,Brazil,"3069"
CR250190,Brazil,"3067"
CR250191,Brazil,"3065"
CR250192,Brazil,"3062"
CR250193,Brazil,"3059"
CR250194,Brazil,"3056"
CR250195,Brazil,"3053"
CR250196,Brazil,"3050"
CR250197,Brazil,"3046"
CR250198,Brazil,"3042"
CR250199,Brazil,"3038"
CR250200,Brazil,"3034"
CR250201,Brazil,"3029"
CR250202,Brazil,"3025"
CR250203,Brazil,"3020"
CR250204,Brazil,"3014"
CR250205,Brazil,"3009"
CR250206,Brazil,"3003"
CR250207,Brazil,"2997"
CR250208,Brazil,"2991"
CR250209,Brazil,"2985"
CR250210,Brazil,"2978"
CR250211,Brazil,"2972"
CR250212,Brazil,"2965"
CR250213,Brazil,"2957"
CR250214,Brazil,"2950"
CR250215,Brazil,"2942"
CR250216,Brazil,"2934"
CR250217,Brazil,"2926"
CR250218,Brazil,"2918"
CR250219,Brazil,"2909"
CR250220,Brazil,"2901"
CR250221,Brazil,"2892"
CR250222,Brazil,"2882"
CR250223,Brazil,"2873"
CR250224,Brazil,"2863"
CR250225,Brazil,"2854"
CR250226,Brazil,"2844"
CR250227,Brazil,"2833"
CR250228,Brazil,"2588"
CR250236,Brazil,"530"
CR250237,Brazil,"2643"
CR250238,Brazil,"2706"
CR250239,Brazil,"2693"
CR250240,Brazil,"2681"
CR250241,Brazil,"2667"
CR250242,Brazil,"2654"
CR250243,Brazil,"954"
CR251176,Brazil,"2563"
CR251177,Brazil,"3076"
CR251178,Brazil,"3077"
CR251179,Brazil,"3077"
CR251180,Brazil,"3077"
CR251181,Brazil,"3077"
CR251182,Brazil,"3077"
CR251183,Brazil,"3077"
CR251184,Brazil,"2990"
CR251185,Brazil,"2135"
CR251186,Brazil,"3074"
CR251187,Brazil,"3072"
CR251188,Brazil,"3071"
CR251189,Brazil,"3069"
CR251190,Brazil,"3067"
CR251191,Brazil,"3065"
CR251192,Brazil,"3062"
CR251193,Brazil,"3059"
CR251194,Brazil,"3056"
CR251195,Brazil,"3053"
CR251196,Brazil,"3050"
CR251197,Brazil,"3046"
CR251198,Brazil,"3042"
CR251199,Brazil,"3038"
CR251200,Brazil,"3034"
CR251201,Brazil,"3029"
CR251202,Brazil,"3025"
CR251203,Brazil,"3020"
CR251204,Brazil,"3014"
CR251205,Brazil,"3009"
CR251206,Brazil,"3003"
CR251207,Brazil,"2997"
CR251208,Brazil,"2991"
CR251209,Brazil,"2985"
CR251210,Brazil,"2978"
CR251211,Brazil,"2972"
CR251212,Brazil,"2965"
CR251213,Brazil,"2957"
CR251214,Brazil,"2950"
CR251215,Brazil,"2942"
CR251216,Brazil,"2934"
CR251217,Brazil,"2926"
CR251218,Brazil,"2918"
CR251219,Brazil,"2909"
CR251220,Brazil,"2901"
CR251221,Brazil,"2892"
CR251222,Brazil,"2882"
CR251223,Brazil,"2873"
CR251224,Brazil,"2863"
CR251225,Brazil,"2854"
CR251226,Brazil,"2844"
CR251227,Brazil,"2833"
CR251228,Brazil,"2118"
CR251231,Brazil,"155"
CR251232,Brazil,"77"
CR251236,Brazil,"2123"
CR251237,Brazil,"2719"
CR251238,Brazil,"2706"
CR251239,Brazil,"2693"
CR251240,Brazil,"2681"
CR251241,Brazil,"2667"
CR251242,Brazil,"2654"
CR251243,Brazil,"2274"
CR252176,Brazil,"1196"
CR252177,Brazil,"3076"
CR252178,Brazil,"3077"
CR252179,Brazil,"3077"
CR252180,Brazil,"3077"
CR252181,Brazil,"3077"
CR252182,Brazil,"3077"
CR252183,Brazil,"3077"
CR252184,Brazil,"3076"
CR252185,Brazil,"2562"
CR252186,Brazil,"3074"
CR252187,Brazil,"3072"
CR252188,Brazil,"3071"
CR252189,Brazil,"3069"
CR252190,Brazil,"3067"
CR252191,Brazil,"3065"
CR252192,Brazil,"3062"
CR252193,Brazil,"3059"
CR252194,Brazil,"3056"
CR252195,Brazil,"3053"
CR252196,Brazil,"3050"
CR252197,Brazil,"3046"
CR252198,Brazil,"3042"
CR252199,Brazil,"3038"
CR252200,Brazil,"3034"
CR252201,Brazil,"3029"
CR252202,Brazil,"3025"
CR252203,Brazil,"3020"
CR252204,Brazil,"3014"
CR252205,Brazil,"3009"
CR252206,Brazil,"3003"
CR252207,Brazil,"2997"
CR252208,Brazil,"2991"
CR252209,Brazil,"2985"
CR252210,Brazil,"2978"
CR252211,Brazil,"2972"
CR252212,Brazil,"2965"
CR252213,Brazil,"2957"
CR252214,Brazil,"2950"
CR252215,Brazil,"2942"
CR252216,Brazil,"2934"
CR252217,Brazil,"2926"
CR252218,Brazil,"2918"
CR252219,Brazil,"2909"
CR252220,Brazil,"2901"
CR252221,Brazil,"2892"
CR252222,Brazil,"2882"
CR252223,Brazil,"2873"
CR252224,Brazil,"2863"
CR252225,Brazil,"2854"
CR252226,Brazil,"2844"
CR252227,Brazil,"2755"
CR252228,Brazil,"2431"
CR252229,Brazil,"1640"
CR252230,Brazil,"2101"
CR252231,Brazil,"2712"
CR252232,Brazil,"464"
CR252235,Brazil,"685"
CR252236,Brazil,"2731"
CR252237,Brazil,"2719"
CR252238,Brazil,"2706"
CR252239,Brazil,"2693"
CR252240,Brazil,"2681"
CR252241,Brazil,"2667"
CR252242,Brazil,"2654"
CR252243,Brazil,"2640"
CR252244,Brazil,"1533"
CR253176,Brazil,"1879"
CR253177,Brazil,"3076"
CR253178,Brazil,"3077"
CR253179,Brazil,"3077"
CR253180,Brazil,"3077"
CR253181,Brazil,"3077"
CR253182,Brazil,"3077"
CR253183,Brazil,"3077"
CR253184,Brazil,"2820"
CR253185,Brazil,"2819"
CR253186,Brazil,"3074"
CR253187,Brazil,"3072"
CR253188,Brazil,"3071"
CR253189,Brazil,"3069"
CR253190,Brazil,"3067"
CR253191,Brazil,"3065"
CR253192,Brazil,"3062"
CR253193,Brazil,"3059"
CR253194,Brazil,"3056"
CR253195,Brazil,"3053"
CR253196,Brazil,"3050"
CR253197,Brazil,"3046"
CR253198,Brazil,"3042"
CR253199,Brazil,"3038"
CR253200,Brazil,"3034"
CR253201,Brazil,"3029"
CR253202,Brazil,"3025"
CR253203,Brazil,"3020"
CR253204,Brazil,"3014"
CR253205,Brazil,"3009"
CR253206,Brazil,"3003"
CR253207,Brazil,"2997"
CR253208,Brazil,"2991"
CR253209,Brazil,"2985"
CR253210,Brazil,"2978"
CR253211,Brazil,"2972"
CR253212,Brazil,"2965"
CR253213,Brazil,"2957"
CR253214,Brazil,"2950"
CR253215,Brazil,"2942"
CR253216,Brazil,"2934"
CR253217,Brazil,"2926"
CR253218,Brazil,"2918"
CR253219,Brazil,"2909"
CR253220,Brazil,"2901"
CR253221,Brazil,"2892"
CR253222,Brazil,"2882"
CR253223,Brazil,"2873"
CR253224,Brazil,"2863"
CR253225,Brazil,"2854"
CR253226,Brazil,"2686"
CR253227,Brazil,"2597"
CR253228,Brazil,"2823"
CR253229,Brazil,"2812"
CR253230,Brazil,"2801"
CR253231,Brazil,"2790"
CR253232,Brazil,"2239"
CR253233,Brazil,"999"
CR253234,Brazil,"1225"
CR253235,Brazil,"2362"
CR253236,Brazil,"2731"
CR253237,Brazil,"2719"
CR253238,Brazil,"2706"
CR253239,Brazil,"2693"
CR253240,Brazil,"2680"
CR253241,Brazil,"2667"
CR253242,Brazil,"2654"
CR253243,Brazil,"2640"
CR253244,Brazil,"2554"
CR253245,Brazil,"1017"
CR254176,Brazil,"1623"
CR254177,Brazil,"3076"
CR254178,Brazil,"3077"
CR254179,Brazil,"3077"
CR254180,Brazil,"3077"
CR254181,Brazil,"3077"
CR254182,Brazil,"3077"
CR254183,Brazil,"3077"
CR254184,Brazil,"2734"
CR254185,Brazil,"3075"
CR254186,Brazil,"3074"
CR254187,Brazil,"3072"
CR254188,Brazil,"3071"
CR254189,Brazil,"3069"
CR254190,Brazil,"3067"
CR254191,Brazil,"3065"
CR254192,Brazil,"3062"
CR254193,Brazil,"3059"
CR254194,Brazil,"3056"
CR254195,Brazil,"3053"
CR254196,Brazil,"3050"
CR254197,Brazil,"3046"
CR254198,Brazil,"3042"
CR254199,Brazil,"3038"
CR254200,Brazil,"3034"
CR254201,Brazil,"3029"
CR254202,Brazil,"3025"
CR254203,Brazil,"3020"
CR254204,Brazil,"3014"
CR254205,Brazil,"3009"
CR254206,Brazil,"3003"
CR254207,Brazil,"2997"
CR254208,Brazil,"2991"
CR254209,Brazil,"2985"
CR254210,Brazil,"2978"
CR254211,Brazil,"2972"
CR254212,Brazil,"2965"
CR254213,Brazil,"2957"
CR254214,Brazil,"2950"
CR254215,Brazil,"2942"
CR254216,Brazil,"2934"
CR254217,Brazil,"2926"
CR254218,Brazil,"2918"
CR254219,Brazil,"2909"
CR254220,Brazil,"2901"
CR254221,Brazil,"2892"
CR254222,Brazil,"2882"
CR254223,Brazil,"2873"
CR254224,Brazil,"2863"
CR254225,Brazil,"2854"
CR254226,Brazil,"2685"
CR254227,Brazil,"2833"
CR254228,Brazil,"2823"
CR254229,Brazil,"2812"
CR254230,Brazil,"2801"
CR254231,Brazil,"2790"
CR254232,Brazil,"2779"
CR254233,Brazil,"2767"
CR254234,Brazil,"2755"
CR254235,Brazil,"2743"
CR254236,Brazil,"2731"
CR254237,Brazil,"2719"
CR254238,Brazil,"2706"
CR254239,Brazil,"2693"
CR254240,Brazil,"2681"
CR254241,Brazil,"2667"
CR254242,Brazil,"2654"
CR254243,Brazil,"2640"
CR254244,Brazil,"2626"
CR254245,Brazil,"2612"
CR254246,Brazil,"794"
CR254247,Brazil,"1866"
CR254248,Brazil,"715"
CR255175,Brazil,"171"
CR255176,Brazil,"2050"
CR255177,Brazil,"3076"
CR255178,Brazil,"3077"
CR255179,Brazil,"3077"
CR255180,Brazil,"3077"
CR255181,Brazil,"3077"
CR255182,Brazil,"3077"
CR255183,Brazil,"2991"
CR255184,Brazil,"2478"
CR255185,Brazil,"3075"
CR255186,Brazil,"3074"
CR255187,Brazil,"3072"
CR255188,Brazil,"2900"
CR255189,Brazil,"3069"
CR255190,Brazil,"2811"
CR255191,Brazil,"2894"
CR255192,Brazil,"3062"
CR255193,Brazil,"3059"
CR255194,Brazil,"3056"
CR255195,Brazil,"3053"
CR255196,Brazil,"3050"
CR255197,Brazil,"3046"
CR255198,Brazil,"3042"
CR255199,Brazil,"3038"
CR255200,Brazil,"3034"
CR255201,Brazil,"3029"
CR255202,Brazil,"3025"
CR255203,Brazil,"3020"
CR255204,Brazil,"3014"
CR255205,Brazil,"3009"
CR255206,Brazil,"3003"
CR255207,Brazil,"2997"
CR255208,Brazil,"2991"
CR255209,Brazil,"2985"
CR255210,Brazil,"2978"
CR255211,Brazil,"2972"
CR255212,Brazil,"2965"
CR255213,Brazil,"2957"
CR255214,Brazil,"2950"
CR255215,Brazil,"2942"
CR255216,Brazil,"2934"
CR255217,Brazil,"2926"
CR255218,Brazil,"2918"
CR255219,Brazil,"2909"
CR255220,Brazil,"2901"
CR255221,Brazil,"2892"
CR255222,Brazil,"2882"
CR255223,Brazil,"2873"
CR255224,Brazil,"2863"
CR255225,Brazil,"2695"
CR255226,Brazil,"2844"
CR255227,Brazil,"2833"
CR255228,Brazil,"2823"
CR255229,Brazil,"2812"
CR255230,Brazil,"2801"
CR255231,Brazil,"2790"
CR255232,Brazil,"2779"
CR255233,Brazil,"2767"
CR255234,Brazil,"2755"
CR255235,Brazil,"2743"
CR255236,Brazil,"2731"
CR255237,Brazil,"2719"
CR255238,Brazil,"2706"
CR255239,Brazil,"2693"
CR255240,Brazil,"2681"
CR255241,Brazil,"2667"
CR255242,Brazil,"2654"
CR255243,Brazil,"2640"
CR255244,Brazil,"2626"
CR255245,Brazil,"2033"
CR255246,Brazil,"866"
CR255247,Brazil,"647"
CR256173,Brazil,"85"
CR256174,Brazil,"1451"
CR256175,Brazil,"2903"
CR256176,Brazil,"3075"
CR256177,Brazil,"3076"
CR256178,Brazil,"3077"
CR256179,Brazil,"3077"
CR256180,Brazil,"3077"
CR256181,Brazil,"3077"
CR256182,Brazil,"3077"
CR256183,Brazil,"2906"
CR256184,Brazil,"2221"
CR256185,Brazil,"2477"
CR256186,Brazil,"2732"
CR256187,Brazil,"2731"
CR256188,Brazil,"2815"
CR256189,Brazil,"3069"
CR256190,Brazil,"3067"
CR256191,Brazil,"3065"
CR256192,Brazil,"3062"
CR256193,Brazil,"3059"
CR256194,Brazil,"3056"
CR256195,Brazil,"3053"
CR256196,Brazil,"3050"
CR256197,Brazil,"3046"
CR256198,Brazil,"3042"
CR256199,Brazil,"3038"
CR256200,Brazil,"3034"
CR256201,Brazil,"3029"
CR256202,Brazil,"3025"
CR256203,Brazil,"3020"
CR256204,Brazil,"3014"
CR256205,Brazil,"3009"
CR256206,Brazil,"3003"
CR256207,Brazil,"2997"
CR256208,Brazil,"2991"
CR256209,Brazil,"2985"
CR256210,Brazil,"2978"
CR256211,Brazil,"2972"
CR256212,Brazil,"2965"
CR256213,Brazil,"2957"
CR256214,Brazil,"2950"
CR256215,Brazil,"2942"
CR256216,Brazil,"2934"
CR256217,Brazil,"2926"
CR256218,Brazil,"2918"
CR256219,Brazil,"2909"
CR256220,Brazil,"2901"
CR256221,Brazil,"2892"
CR256222,Brazil,"2882"
CR256223,Brazil,"2873"
CR256224,Brazil,"2705"
CR256225,Brazil,"2774"
CR256226,Brazil,"2844"
CR256227,Brazil,"2833"
CR256228,Brazil,"2823"
CR256229,Brazil,"2812"
CR256230,Brazil,"2801"
CR256231,Brazil,"2790"
CR256232,Brazil,"2779"
CR256233,Brazil,"2767"
CR256234,Brazil,"2755"
CR256235,Brazil,"2743"
CR256236,Brazil,"2731"
CR256237,Brazil,"2719"
CR256238,Brazil,"2706"
CR256239,Brazil,"2693"
CR256240,Brazil,"2681"
CR256241,Brazil,"2667"
CR256242,Brazil,"2654"
CR256243,Brazil,"2567"
CR256244,Brazil,"1751"
CR256245,Brazil,"1379"
CR256246,Brazil,"217"
CR257172,Brazil,"426"
CR257173,Brazil,"2559"
CR257174,Brazil,"3072"
CR257175,Brazil,"3074"
CR257176,Brazil,"3075"
CR257177,Brazil,"3076"
CR257178,Brazil,"3077"
CR257179,Brazil,"3077"
CR257180,Brazil,"3077"
CR257181,Brazil,"3077"
CR257182,Brazil,"2821"
CR257183,Brazil,"2478"
CR257184,Brazil,"2905"
CR257185,Brazil,"3075"
CR257186,Brazil,"2903"
CR257187,Brazil,"2816"
CR257188,Brazil,"3071"
CR257189,Brazil,"3069"
CR257190,Brazil,"3067"
CR257191,Brazil,"3065"
CR257192,Brazil,"3062"
CR257193,Brazil,"3059"
CR257194,Brazil,"3056"
CR257195,Brazil,"3053"
CR257196,Brazil,"3050"
CR257197,Brazil,"3046"
CR257198,Brazil,"3042"
CR257199,Brazil,"3038"
CR257200,Brazil,"3034"
CR257201,Brazil,"3029"
CR257202,Brazil,"3025"
CR257203,Brazil,"3020"
CR257204,Brazil,"3014"
CR257205,Brazil,"3009"
CR257206,Brazil,"3003"
CR257207,Brazil,"2997"
CR257208,Brazil,"2991"
CR257209,Brazil,"2985"
CR257210,Brazil,"2978"
CR257211,Brazil,"2972"
CR257212,Brazil,"2965"
CR257213,Brazil,"2957"
CR257214,Brazil,"2950"
CR257215,Brazil,"2942"
CR257216,Brazil,"2934"
CR257217,Brazil,"2926"
CR257218,Brazil,"2918"
CR257219,Brazil,"2909"
CR257220,Brazil,"2901"
CR257221,Brazil,"2892"
CR257222,Brazil,"2642"
CR257223,Brazil,"2714"
CR257224,Brazil,"2784"
CR257225,Brazil,"2854"
CR257226,Brazil,"2844"
CR257227,Brazil,"2833"
CR257228,Brazil,"2823"
CR257229,Brazil,"2812"
CR257230,Brazil,"2801"
CR257231,Brazil,"2790"
CR257232,Brazil,"2779"
CR257233,Brazil,"2767"
CR257234,Brazil,"2755"
CR257235,Brazil,"2743"
CR257236,Brazil,"2731"
CR257237,Brazil,"2719"
CR257238,Brazil,"2706"
CR257239,Brazil,"2693"
CR257240,Brazil,"2681"
CR257241,Brazil,"2667"
CR257242,Brazil,"2654"
CR257243,Brazil,"1248"
CR257244,Brazil,"510"
CR258172,Brazil,"512"
CR258173,Brazil,"2218"
CR258174,Brazil,"2816"
CR258175,Brazil,"3074"
CR258176,Brazil,"3075"
CR258177,Brazil,"3076"
CR258178,Brazil,"3077"
CR258179,Brazil,"3077"
CR258180,Brazil,"3077"
CR258181,Brazil,"1453"
CR258182,Brazil,"2137"
CR258183,Brazil,"2307"
CR258184,Brazil,"2478"
CR258185,Brazil,"2562"
CR258186,Brazil,"3074"
CR258187,Brazil,"3072"
CR258188,Brazil,"3071"
CR258189,Brazil,"3069"
CR258190,Brazil,"3067"
CR258191,Brazil,"3065"
CR258192,Brazil,"3062"
CR258193,Brazil,"3059"
CR258194,Brazil,"3056"
CR258195,Brazil,"3053"
CR258196,Brazil,"3050"
CR258197,Brazil,"3046"
CR258198,Brazil,"3042"
CR258199,Brazil,"3038"
CR258200,Brazil,"3034"
CR258201,Brazil,"3029"
CR258202,Brazil,"3025"
CR258203,Brazil,"3020"
CR258204,Brazil,"3014"
CR258205,Brazil,"3009"
CR258206,Brazil,"3003"
CR258207,Brazil,"2997"
CR258208,Brazil,"2991"
CR258209,Brazil,"2985"
CR258210,Brazil,"2978"
CR258211,Brazil,"2972"
CR258212,Brazil,"2965"
CR258213,Brazil,"2957"
CR258214,Brazil,"2950"
CR258215,Brazil,"2942"
CR258216,Brazil,"2934"
CR258217,Brazil,"2926"
CR258218,Brazil,"2918"
CR258219,Brazil,"2909"
CR258220,Brazil,"2901"
CR258221,Brazil,"2731"
CR258222,Brazil,"2882"
CR258223,Brazil,"2873"
CR258224,Brazil,"2863"
CR258225,Brazil,"2854"
CR258226,Brazil,"2844"
CR258227,Brazil,"2833"
CR258228,Brazil,"2823"
CR258229,Brazil,"2812"
CR258230,Brazil,"2801"
CR258231,Brazil,"2790"
CR258232,Brazil,"2779"
CR258233,Brazil,"2767"
CR258234,Brazil,"2755"
CR258235,Brazil,"2743"
CR258236,Brazil,"2731"
CR258237,Brazil,"2719"
CR258238,Brazil,"2706"
CR258239,Brazil,"2693"
CR258240,Brazil,"2680"
CR258241,Brazil,"1779"
CR258242,Brazil,"443"
CR258243,Brazil,"513"
CR258244,Brazil,"292"
CR259175,Brazil,"768"
CR259176,Brazil,"1879"
CR259177,Brazil,"2905"
CR259178,Brazil,"2735"
CR259179,Brazil,"3077"
CR259180,Brazil,"1453"
CR259181,Brazil,"1282"
CR259182,Brazil,"2051"
CR259183,Brazil,"2564"
CR259184,Brazil,"2649"
CR259185,Brazil,"2904"
CR259186,Brazil,"3074"
CR259187,Brazil,"3072"
CR259188,Brazil,"3071"
CR259189,Brazil,"3069"
CR259190,Brazil,"3067"
CR259191,Brazil,"3065"
CR259192,Brazil,"3062"
CR259193,Brazil,"3059"
CR259194,Brazil,"3056"
CR259195,Brazil,"3053"
CR259196,Brazil,"3050"
CR259197,Brazil,"3046"
CR259198,Brazil,"3042"
CR259199,Brazil,"3038"
CR259200,Brazil,"3034"
CR259201,Brazil,"2945"
CR259202,Brazil,"3025"
CR259203,Brazil,"3020"
CR259204,Brazil,"2847"
CR259205,Brazil,"3009"
CR259206,Brazil,"3003"
CR259207,Brazil,"2997"
CR259208,Brazil,"2991"
CR259209,Brazil,"2985"
CR259210,Brazil,"2978"
CR259211,Brazil,"2972"
CR259212,Brazil,"2965"
CR259213,Brazil,"2957"
CR259214,Brazil,"2950"
CR259215,Brazil,"2942"
CR259216,Brazil,"2934"
CR259217,Brazil,"2926"
CR259218,Brazil,"2918"
CR259219,Brazil,"2909"
CR259220,Brazil,"2901"
CR259221,Brazil,"2892"
CR259222,Brazil,"2882"
CR259223,Brazil,"2873"
CR259224,Brazil,"2863"
CR259225,Brazil,"2854"
CR259226,Brazil,"2844"
CR259227,Brazil,"2833"
CR259228,Brazil,"2823"
CR259229,Brazil,"2812"
CR259230,Brazil,"2801"
CR259231,Brazil,"2790"
CR259232,Brazil,"2779"
CR259233,Brazil,"2767"
CR259234,Brazil,"2755"
CR259235,Brazil,"2743"
CR259236,Brazil,"2731"
CR259237,Brazil,"2719"
CR259238,Brazil,"2706"
CR259239,Brazil,"2693"
CR259240,Brazil,"2681"
CR259241,Brazil,"1705"
CR259242,Brazil,"1032"
CR259243,Brazil,"661"
CR260176,Brazil,"342"
CR260177,Brazil,"1794"
CR260178,Brazil,"2393"
CR260179,Brazil,"1111"
CR260180,Brazil,"1710"
CR260181,Brazil,"1539"
CR260182,Brazil,"3077"
CR260183,Brazil,"3077"
CR260184,Brazil,"2307"
CR260185,Brazil,"3075"
CR260186,Brazil,"3074"
CR260187,Brazil,"3072"
CR260188,Brazil,"3071"
CR260189,Brazil,"3069"
CR260190,Brazil,"3067"
CR260191,Brazil,"3065"
CR260192,Brazil,"3062"
CR260193,Brazil,"3059"
CR260194,Brazil,"3056"
CR260195,Brazil,"3053"
CR260196,Brazil,"3050"
CR260197,Brazil,"3046"
CR260198,Brazil,"3042"
CR260199,Brazil,"3038"
CR260200,Brazil,"3034"
CR260201,Brazil,"2777"
CR260202,Brazil,"2941"
CR260203,Brazil,"3020"
CR260204,Brazil,"3014"
CR260205,Brazil,"3009"
CR260206,Brazil,"3003"
CR260207,Brazil,"2997"
CR260208,Brazil,"2991"
CR260209,Brazil,"2985"
CR260210,Brazil,"2978"
CR260211,Brazil,"2972"
CR260212,Brazil,"2965"
CR260213,Brazil,"2957"
CR260214,Brazil,"2950"
CR260215,Brazil,"2942"
CR260216,Brazil,"2934"
CR260217,Brazil,"2926"
CR260218,Brazil,"2918"
CR260219,Brazil,"2909"
CR260220,Brazil,"2901"
CR260221,Brazil,"2892"
CR260222,Brazil,"2882"
CR260223,Brazil,"2873"
CR260224,Brazil,"2863"
CR260225,Brazil,"2854"
CR260226,Brazil,"2844"
CR260227,Brazil,"2833"
CR260228,Brazil,"2823"
CR260229,Brazil,"2812"
CR260230,Brazil,"2801"
CR260231,Brazil,"2790"
CR260232,Brazil,"2779"
CR260233,Brazil,"2767"
CR260234,Brazil,"2755"
CR260235,Brazil,"2743"
CR260236,Brazil,"2731"
CR260237,Brazil,"2719"
CR260238,Brazil,"2706"
CR260239,Brazil,"2693"
CR260240,Brazil,"2234"
CR260241,Brazil,"1334"
CR260242,Brazil,"148"
CR261178,Brazil,"256"
CR261180,Brazil,"256"
CR261181,Brazil,"2051"
CR261182,Brazil,"3077"
CR261183,Brazil,"3077"
CR261184,Brazil,"2392"
CR261185,Brazil,"3075"
CR261186,Brazil,"2647"
CR261187,Brazil,"2731"
CR261188,Brazil,"2986"
CR261189,Brazil,"3069"
CR261190,Brazil,"3067"
CR261191,Brazil,"3065"
CR261192,Brazil,"3062"
CR261193,Brazil,"3059"
CR261194,Brazil,"3056"
CR261195,Brazil,"3053"
CR261196,Brazil,"3050"
CR261197,Brazil,"3046"
CR261198,Brazil,"3042"
CR261199,Brazil,"3038"
CR261200,Brazil,"3034"
CR261201,Brazil,"3029"
CR261202,Brazil,"3025"
CR261203,Brazil,"3020"
CR261204,Brazil,"3014"
CR261205,Brazil,"3009"
CR261206,Brazil,"3003"
CR261207,Brazil,"2997"
CR261208,Brazil,"2991"
CR261209,Brazil,"2985"
CR261210,Brazil,"2978"
CR261211,Brazil,"2972"
CR261212,Brazil,"2965"
CR261213,Brazil,"2957"
CR261214,Brazil,"2950"
CR261215,Brazil,"2942"
CR261216,Brazil,"2934"
CR261217,Brazil,"2926"
CR261218,Brazil,"2918"
CR261219,Brazil,"2909"
CR261220,Brazil,"2901"
CR261221,Brazil,"2892"
CR261222,Brazil,"2882"
CR261223,Brazil,"2873"
CR261224,Brazil,"2863"
CR261225,Brazil,"2854"
CR261226,Brazil,"2844"
CR261227,Brazil,"2833"
CR261228,Brazil,"2823"
CR261229,Brazil,"2812"
CR261230,Brazil,"2801"
CR261231,Brazil,"2790"
CR261232,Brazil,"2779"
CR261233,Brazil,"2767"
CR261234,Brazil,"2755"
CR261235,Brazil,"2743"
CR261236,Brazil,"2731"
CR261237,Brazil,"2719"
CR261238,Brazil,"2706"
CR261239,Brazil,"1797"
CR261240,Brazil,"149"
CR262181,Brazil,"1881"
CR262182,Brazil,"3077"
CR262183,Brazil,"2906"
CR262184,Brazil,"1453"
CR262185,Brazil,"2392"
CR262186,Brazil,"3074"
CR262187,Brazil,"3072"
CR262188,Brazil,"3071"
CR262189,Brazil,"3069"
CR262190,Brazil,"3067"
CR262191,Brazil,"3065"
CR262192,Brazil,"3062"
CR262193,Brazil,"3059"
CR262194,Brazil,"3056"
CR262195,Brazil,"3053"
CR262196,Brazil,"3050"
CR262197,Brazil,"3046"
CR262198,Brazil,"3042"
CR262199,Brazil,"3038"
CR262200,Brazil,"3034"
CR262201,Brazil,"3029"
CR262202,Brazil,"3025"
CR262203,Brazil,"3020"
CR262204,Brazil,"3014"
CR262205,Brazil,"3009"
CR262206,Brazil,"3003"
CR262207,Brazil,"2997"
CR262208,Brazil,"2991"
CR262209,Brazil,"2985"
CR262210,Brazil,"2978"
CR262211,Brazil,"2972"
CR262212,Brazil,"2965"
CR262213,Brazil,"2957"
CR262214,Brazil,"2950"
CR262215,Brazil,"2942"
CR262216,Brazil,"2934"
CR262217,Brazil,"2926"
CR262218,Brazil,"2918"
CR262219,Brazil,"2909"
CR262220,Brazil,"2901"
CR262221,Brazil,"2892"
CR262222,Brazil,"2882"
CR262223,Brazil,"2873"
CR262224,Brazil,"2863"
CR262225,Brazil,"2854"
CR262226,Brazil,"2844"
CR262227,Brazil,"2833"
CR262228,Brazil,"2823"
CR262229,Brazil,"2812"
CR262230,Brazil,"2801"
CR262231,Brazil,"2790"
CR262232,Brazil,"2779"
CR262233,Brazil,"2767"
CR262234,Brazil,"2755"
CR262235,Brazil,"2743"
CR262236,Brazil,"2731"
CR262237,Brazil,"2719"
CR262238,Brazil,"1956"
CR263181,Brazil,"1624"
CR263182,Brazil,"2992"
CR263183,Brazil,"1624"
CR263184,Brazil,"2563"
CR263185,Brazil,"3075"
CR263186,Brazil,"3074"
CR263187,Brazil,"3072"
CR263188,Brazil,"3071"
CR263189,Brazil,"3069"
CR263190,Brazil,"3067"
CR263191,Brazil,"3065"
CR263192,Brazil,"3062"
CR263193,Brazil,"3059"
CR263194,Brazil,"3056"
CR263195,Brazil,"3053"
CR263196,Brazil,"3050"
CR263197,Brazil,"3046"
CR263198,Brazil,"3042"
CR263199,Brazil,"3038"
CR263200,Brazil,"3034"
CR263201,Brazil,"3029"
CR263202,Brazil,"3025"
CR263203,Brazil,"3020"
CR263204,Brazil,"3014"
CR263205,Brazil,"3009"
CR263206,Brazil,"3003"
CR263207,Brazil,"2997"
CR263208,Brazil,"2991"
CR263209,Brazil,"2985"
CR263210,Brazil,"2978"
CR263211,Brazil,"2972"
CR263212,Brazil,"2965"
CR263213,Brazil,"2957"
CR263214,Brazil,"2950"
CR263215,Brazil,"2942"
CR263216,Brazil,"2934"
CR263217,Brazil,"2926"
CR263218,Brazil,"2918"
CR263219,Brazil,"2909"
CR263220,Brazil,"2901"
CR263221,Brazil,"2892"
CR263222,Brazil,"2882"
CR263223,Brazil,"2873"
CR263224,Brazil,"2863"
CR263225,Brazil,"2854"
CR263226,Brazil,"2844"
CR263227,Brazil,"2833"
CR263228,Brazil,"2823"
CR263229,Brazil,"2812"
CR263230,Brazil,"2801"
CR263231,Brazil,"2713"
CR263232,Brazil,"2316"
CR263233,Brazil,"1768"
CR263234,Brazil,"1760"
CR263235,Brazil,"2058"
CR263236,Brazil,"1973"
CR263237,Brazil,"1586"
CR263238,Brazil,"151"
CR264181,Brazil,"171"
CR264182,Brazil,"769"
CR264183,Brazil,"2307"
CR264184,Brazil,"2820"
CR264185,Brazil,"3075"
CR264186,Brazil,"3074"
CR264187,Brazil,"3072"
CR264188,Brazil,"3071"
CR264189,Brazil,"3069"
CR264190,Brazil,"3067"
CR264191,Brazil,"3065"
CR264192,Brazil,"3062"
CR264193,Brazil,"3059"
CR264194,Brazil,"3056"
CR264195,Brazil,"3053"
CR264196,Brazil,"3050"
CR264197,Brazil,"3046"
CR264198,Brazil,"3042"
CR264199,Brazil,"3038"
CR264200,Brazil,"3034"
CR264201,Brazil,"3029"
CR264202,Brazil,"3025"
CR264203,Brazil,"3020"
CR264204,Brazil,"3014"
CR264205,Brazil,"3009"
CR264206,Brazil,"3003"
CR264207,Brazil,"2997"
CR264208,Brazil,"2991"
CR264209,Brazil,"2985"
CR264210,Brazil,"2978"
CR264211,Brazil,"2972"
CR264212,Brazil,"2965"
CR264213,Brazil,"2957"
CR264214,Brazil,"2950"
CR264215,Brazil,"2942"
CR264216,Brazil,"2934"
CR264217,Brazil,"2926"
CR264218,Brazil,"2918"
CR264219,Brazil,"2909"
CR264220,Brazil,"2901"
CR264221,Brazil,"2892"
CR264222,Brazil,"2882"
CR264223,Brazil,"2873"
CR264224,Brazil,"2863"
CR264225,Brazil,"2854"
CR264226,Brazil,"2844"
CR264227,Brazil,"2833"
CR264228,Brazil,"2823"
CR264229,Brazil,"2812"
CR264230,Brazil,"2801"
CR264231,Brazil,"1938"
CR264232,Brazil,"77"
CR264235,Brazil,"76"
CR264236,Brazil,"76"
CR265182,Brazil,"2051"
CR265183,Brazil,"3077"
CR265184,Brazil,"3076"
CR265185,Brazil,"3075"
CR265186,Brazil,"3074"
CR265187,Brazil,"3072"
CR265188,Brazil,"3071"
CR265189,Brazil,"3069"
CR265190,Brazil,"3067"
CR265191,Brazil,"3065"
CR265192,Brazil,"3062"
CR265193,Brazil,"3059"
CR265194,Brazil,"3056"
CR265195,Brazil,"3053"
CR265196,Brazil,"3050"
CR265197,Brazil,"3046"
CR265198,Brazil,"3042"
CR265199,Brazil,"3038"
CR265200,Brazil,"3034"
CR265201,Brazil,"3029"
CR265202,Brazil,"3025"
CR265203,Brazil,"3020"
CR265204,Brazil,"3014"
CR265205,Brazil,"3009"
CR265206,Brazil,"3003"
CR265207,Brazil,"2997"
CR265208,Brazil,"2991"
CR265209,Brazil,"2985"
CR265210,Brazil,"2978"
CR265211,Brazil,"2972"
CR265212,Brazil,"2965"
CR265213,Brazil,"2957"
CR265214,Brazil,"2950"
CR265215,Brazil,"2942"
CR265216,Brazil,"2934"
CR265217,Brazil,"2926"
CR265218,Brazil,"2918"
CR265219,Brazil,"2909"
CR265220,Brazil,"2901"
CR265221,Brazil,"2892"
CR265222,Brazil,"2882"
CR265223,Brazil,"2873"
CR265224,Brazil,"2863"
CR265225,Brazil,"2854"
CR265226,Brazil,"2844"
CR265227,Brazil,"2833"
CR265228,Brazil,"2823"
CR265229,Brazil,"2812"
CR265230,Brazil,"2179"
CR265231,Brazil,"155"
CR266182,Brazil,"1795"
CR266183,Brazil,"3077"
CR266184,Brazil,"3076"
CR266185,Brazil,"3075"
CR266186,Brazil,"3074"
CR266187,Brazil,"3072"
CR266188,Brazil,"3071"
CR266189,Brazil,"3069"
CR266190,Brazil,"3067"
CR266191,Brazil,"3065"
CR266192,Brazil,"3062"
CR266193,Brazil,"3059"
CR266194,Brazil,"3056"
CR266195,Brazil,"3053"
CR266196,Brazil,"3050"
CR266197,Brazil,"3046"
CR266198,Brazil,"3042"
CR266199,Brazil,"3038"
CR266200,Brazil,"3034"
CR266201,Brazil,"3029"
CR266202,Brazil,"3025"
CR266203,Brazil,"3020"
CR266204,Brazil,"3014"
CR266205,Brazil,"3009"
CR266206,Brazil,"3003"
CR266207,Brazil,"2997"
CR266208,Brazil,"2991"
CR266209,Brazil,"2985"
CR266210,Brazil,"2978"
CR266211,Brazil,"2972"
CR266212,Brazil,"2965"
CR266213,Brazil,"2957"
CR266214,Brazil,"2950"
CR266215,Brazil,"2942"
CR266216,Brazil,"2934"
CR266217,Brazil,"2926"
CR266218,Brazil,"2918"
CR266219,Brazil,"2909"
CR266220,Brazil,"2901"
CR266221,Brazil,"2892"
CR266222,Brazil,"2882"
CR266223,Brazil,"2873"
CR266224,Brazil,"2863"
CR266225,Brazil,"2854"
CR266226,Brazil,"2844"
CR266227,Brazil,"2833"
CR266228,Brazil,"2823"
CR266229,Brazil,"2734"
CR266230,Brazil,"390"
CR267182,Brazil,"513"
CR267183,Brazil,"3077"
CR267184,Brazil,"3076"
CR267185,Brazil,"3075"
CR267186,Brazil,"3074"
CR267187,Brazil,"3072"
CR267188,Brazil,"3071"
CR267189,Brazil,"3069"
CR267190,Brazil,"3067"
CR267191,Brazil,"3065"
CR267192,Brazil,"3062"
CR267193,Brazil,"3059"
CR267194,Brazil,"3056"
CR267195,Brazil,"3053"
CR267196,Brazil,"3050"
CR267197,Brazil,"3046"
CR267198,Brazil,"3042"
CR267199,Brazil,"3038"
CR267200,Brazil,"3034"
CR267201,Brazil,"3029"
CR267202,Brazil,"3025"
CR267203,Brazil,"3020"
CR267204,Brazil,"3014"
CR267205,Brazil,"3009"
CR267206,Brazil,"3003"
CR267207,Brazil,"2997"
CR267208,Brazil,"2991"
CR267209,Brazil,"2985"
CR267210,Brazil,"2978"
CR267211,Brazil,"2972"
CR267212,Brazil,"2965"
CR267213,Brazil,"2957"
CR267214,Brazil,"2950"
CR267215,Brazil,"2942"
CR267216,Brazil,"2934"
CR267217,Brazil,"2926"
CR267218,Brazil,"2918"
CR267219,Brazil,"2909"
CR267220,Brazil,"2901"
CR267221,Brazil,"2892"
CR267222,Brazil,"2882"
CR267223,Brazil,"2873"
CR267224,Brazil,"2863"
CR267225,Brazil,"2854"
CR267226,Brazil,"2844"
CR267227,Brazil,"2833"
CR267228,Brazil,"2744"
CR267229,Brazil,"1017"
CR268182,Brazil,"85"
CR268183,Brazil,"2649"
CR268184,Brazil,"3076"
CR268185,Brazil,"3075"
CR268186,Brazil,"3074"
CR268187,Brazil,"3072"
CR268188,Brazil,"3071"
CR268189,Brazil,"3069"
CR268190,Brazil,"3067"
CR268191,Brazil,"3065"
CR268192,Brazil,"3062"
CR268193,Brazil,"3059"
CR268194,Brazil,"3056"
CR268195,Brazil,"3053"
CR268196,Brazil,"3050"
CR268197,Brazil,"3046"
CR268198,Brazil,"3042"
CR268199,Brazil,"3038"
CR268200,Brazil,"3034"
CR268201,Brazil,"3029"
CR268202,Brazil,"3025"
CR268203,Brazil,"3020"
CR268204,Brazil,"3014"
CR268205,Brazil,"3009"
CR268206,Brazil,"3003"
CR268207,Brazil,"2997"
CR268208,Brazil,"2991"
CR268209,Brazil,"2985"
CR268210,Brazil,"2978"
CR268211,Brazil,"2972"
CR268212,Brazil,"2965"
CR268213,Brazil,"2957"
CR268214,Brazil,"2950"
CR268215,Brazil,"2942"
CR268216,Brazil,"2934"
CR268217,Brazil,"2926"
CR268218,Brazil,"2918"
CR268219,Brazil,"2909"
CR268220,Brazil,"2901"
CR268221,Brazil,"2892"
CR268222,Brazil,"2882"
CR268223,Brazil,"2873"
CR268224,Brazil,"2863"
CR268225,Brazil,"2854"
CR268226,Brazil,"2844"
CR268227,Brazil,"2833"
CR268228,Brazil,"2510"
CR269183,Brazil,"1111"
CR269184,Brazil,"3076"
CR269185,Brazil,"3075"
CR269186,Brazil,"3074"
CR269187,Brazil,"3072"
CR269188,Brazil,"3071"
CR269189,Brazil,"3069"
CR269190,Brazil,"3067"
CR269191,Brazil,"3065"
CR269192,Brazil,"3062"
CR269193,Brazil,"3059"
CR269194,Brazil,"3056"
CR269195,Brazil,"3053"
CR269196,Brazil,"3050"
CR269197,Brazil,"3046"
CR269198,Brazil,"3042"
CR269199,Brazil,"3038"
CR269200,Brazil,"3034"
CR269201,Brazil,"3029"
CR269202,Brazil,"3025"
CR269203,Brazil,"3020"
CR269204,Brazil,"3014"
CR269205,Brazil,"3009"
CR269206,Brazil,"3003"
CR269207,Brazil,"2997"
CR269208,Brazil,"2991"
CR269209,Brazil,"2985"
CR269210,Brazil,"2978"
CR269211,Brazil,"2972"
CR269212,Brazil,"2965"
CR269213,Brazil,"2957"
CR269214,Brazil,"2950"
CR269215,Brazil,"2942"
CR269216,Brazil,"2934"
CR269217,Brazil,"2926"
CR269218,Brazil,"2918"
CR269219,Brazil,"2909"
CR269220,Brazil,"2901"
CR269221,Brazil,"2892"
CR269222,Brazil,"2882"
CR269223,Brazil,"2873"
CR269224,Brazil,"2863"
CR269225,Brazil,"2854"
CR269226,Brazil,"2844"
CR269227,Brazil,"2833"
CR269228,Brazil,"1491"
CR270183,Brazil,"85"
CR270184,Brazil,"2734"
CR270185,Brazil,"3075"
CR270186,Brazil,"3074"
CR270187,Brazil,"3072"
CR270188,Brazil,"3071"
CR270189,Brazil,"3069"
CR270190,Brazil,"3067"
CR270191,Brazil,"3065"
CR270192,Brazil,"3062"
CR270193,Brazil,"3059"
CR270194,Brazil,"3056"
CR270195,Brazil,"3053"
CR270196,Brazil,"3050"
CR270197,Brazil,"3046"
CR270198,Brazil,"3042"
CR270199,Brazil,"3038"
CR270200,Brazil,"3034"
CR270201,Brazil,"3029"
CR270202,Brazil,"3025"
CR270203,Brazil,"3020"
CR270204,Brazil,"3014"
CR270205,Brazil,"3009"
CR270206,Brazil,"3003"
CR270207,Brazil,"2997"
CR270208,Brazil,"2991"
CR270209,Brazil,"2985"
CR270210,Brazil,"2978"
CR270211,Brazil,"2972"
CR270212,Brazil,"2965"
CR270213,Brazil,"2957"
CR270214,Brazil,"2950"
CR270215,Brazil,"2942"
CR270216,Brazil,"2934"
CR270217,Brazil,"2926"
CR270218,Brazil,"2918"
CR270219,Brazil,"2909"
CR270220,Brazil,"2901"
CR270221,Brazil,"2892"
CR270222,Brazil,"2882"
CR270223,Brazil,"2873"
CR270224,Brazil,"2863"
CR270225,Brazil,"2854"
CR270226,Brazil,"2844"
CR270227,Brazil,"2755"
CR270228,Brazil,"628"
CR271183,Brazil,"85"
CR271184,Brazil,"1538"
CR271185,Brazil,"2733"
CR271186,Brazil,"2305"
CR271187,Brazil,"2731"
CR271188,Brazil,"3071"
CR271189,Brazil,"3069"
CR271190,Brazil,"3067"
CR271191,Brazil,"3065"
CR271192,Brazil,"3062"
CR271193,Brazil,"3059"
CR271194,Brazil,"3056"
CR271195,Brazil,"3053"
CR271196,Brazil,"3050"
CR271197,Brazil,"3046"
CR271198,Brazil,"3042"
CR271199,Brazil,"3038"
CR271200,Brazil,"3034"
CR271201,Brazil,"3029"
CR271202,Brazil,"3025"
CR271203,Brazil,"3020"
CR271204,Brazil,"3014"
CR271205,Brazil,"3009"
CR271206,Brazil,"3003"
CR271207,Brazil,"2997"
CR271208,Brazil,"2991"
CR271209,Brazil,"2985"
CR271210,Brazil,"2978"
CR271211,Brazil,"2972"
CR271212,Brazil,"2965"
CR271213,Brazil,"2957"
CR271214,Brazil,"2950"
CR271215,Brazil,"2942"
CR271216,Brazil,"2934"
CR271217,Brazil,"2926"
CR271218,Brazil,"2918"
CR271219,Brazil,"2909"
CR271220,Brazil,"2901"
CR271221,Brazil,"2892"
CR271222,Brazil,"2882"
CR271223,Brazil,"2873"
CR271224,Brazil,"2863"
CR271225,Brazil,"2854"
CR271226,Brazil,"2844"
CR271227,Brazil,"1260"
CR272185,Brazil,"512"
CR272186,Brazil,"1708"
CR272187,Brazil,"3072"
CR272188,Brazil,"3071"
CR272189,Brazil,"3069"
CR272190,Brazil,"3067"
CR272191,Brazil,"3065"
CR272192,Brazil,"3062"
CR272193,Brazil,"3059"
CR272194,Brazil,"3056"
CR272195,Brazil,"3053"
CR272196,Brazil,"3050"
CR272197,Brazil,"3046"
CR272198,Brazil,"3042"
CR272199,Brazil,"3038"
CR272200,Brazil,"3034"
CR272201,Brazil,"3029"
CR272202,Brazil,"3025"
CR272203,Brazil,"3020"
CR272204,Brazil,"3014"
CR272205,Brazil,"3009"
CR272206,Brazil,"3003"
CR272207,Brazil,"2997"
CR272208,Brazil,"2991"
CR272209,Brazil,"2985"
CR272210,Brazil,"2978"
CR272211,Brazil,"2972"
CR272212,Brazil,"2965"
CR272213,Brazil,"2957"
CR272214,Brazil,"2950"
CR272215,Brazil,"2942"
CR272216,Brazil,"2934"
CR272217,Brazil,"2926"
CR272218,Brazil,"2918"
CR272219,Brazil,"2909"
CR272220,Brazil,"2901"
CR272221,Brazil,"2892"
CR272222,Brazil,"2882"
CR272223,Brazil,"2873"
CR272224,Brazil,"2863"
CR272225,Brazil,"2854"
CR272226,Brazil,"2686"
CR272227,Brazil,"158"
CR273185,Brazil,"85"
CR273186,Brazil,"2647"
CR273187,Brazil,"3072"
CR273188,Brazil,"3071"
CR273189,Brazil,"3069"
CR273190,Brazil,"3067"
CR273191,Brazil,"3065"
CR273192,Brazil,"3062"
CR273193,Brazil,"3059"
CR273194,Brazil,"3056"
CR273195,Brazil,"3053"
CR273196,Brazil,"3050"
CR273197,Brazil,"3046"
CR273198,Brazil,"3042"
CR273199,Brazil,"3038"
CR273200,Brazil,"3034"
CR273201,Brazil,"3029"
CR273202,Brazil,"3025"
CR273203,Brazil,"3020"
CR273204,Brazil,"3014"
CR273205,Brazil,"3009"
CR273206,Brazil,"3003"
CR273207,Brazil,"2997"
CR273208,Brazil,"2991"
CR273209,Brazil,"2985"
CR273210,Brazil,"2978"
CR273211,Brazil,"2972"
CR273212,Brazil,"2965"
CR273213,Brazil,"2957"
CR273214,Brazil,"2950"
CR273215,Brazil,"2942"
CR273216,Brazil,"2934"
CR273217,Brazil,"2926"
CR273218,Brazil,"2918"
CR273219,Brazil,"2909"
CR273220,Brazil,"2901"
CR273221,Brazil,"2892"
CR273222,Brazil,"2882"
CR273223,Brazil,"2873"
CR273224,Brazil,"2863"
CR273225,Brazil,"2854"
CR273226,Brazil,"2607"
CR273227,Brazil,"79"
CR274185,Brazil,"427"
CR274186,Brazil,"3074"
CR274187,Brazil,"3072"
CR274188,Brazil,"3071"
CR274189,Brazil,"3069"
CR274190,Brazil,"3067"
CR274191,Brazil,"3065"
CR274192,Brazil,"3062"
CR274193,Brazil,"3059"
CR274194,Brazil,"3056"
CR274195,Brazil,"3053"
CR274196,Brazil,"3050"
CR274197,Brazil,"3046"
CR274198,Brazil,"3042"
CR274199,Brazil,"3038"
CR274200,Brazil,"3034"
CR274201,Brazil,"3029"
CR274202,Brazil,"3025"
CR274203,Brazil,"3020"
CR274204,Brazil,"3014"
CR274205,Brazil,"3009"
CR274206,Brazil,"3003"
CR274207,Brazil,"2997"
CR274208,Brazil,"2991"
CR274209,Brazil,"2985"
CR274210,Brazil,"2978"
CR274211,Brazil,"2972"
CR274212,Brazil,"2965"
CR274213,Brazil,"2957"
CR274214,Brazil,"2950"
CR274215,Brazil,"2942"
CR274216,Brazil,"2934"
CR274217,Brazil,"2926"
CR274218,Brazil,"2918"
CR274219,Brazil,"2909"
CR274220,Brazil,"2901"
CR274221,Brazil,"2892"
CR274222,Brazil,"2882"
CR274223,Brazil,"2873"
CR274224,Brazil,"2863"
CR274225,Brazil,"2854"
CR274226,Brazil,"2291"
CR275186,Brazil,"2220"
CR275187,Brazil,"3072"
CR275188,Brazil,"3071"
CR275189,Brazil,"3069"
CR275190,Brazil,"3067"
CR275191,Brazil,"3065"
CR275192,Brazil,"3062"
CR275193,Brazil,"3059"
CR275194,Brazil,"3056"
CR275195,Brazil,"3053"
CR275196,Brazil,"3050"
CR275197,Brazil,"3046"
CR275198,Brazil,"3042"
CR275199,Brazil,"3038"
CR275200,Brazil,"3034"
CR275201,Brazil,"3029"
CR275202,Brazil,"3025"
CR275203,Brazil,"3020"
CR275204,Brazil,"3014"
CR275205,Brazil,"3009"
CR275206,Brazil,"3003"
CR275207,Brazil,"2997"
CR275208,Brazil,"2991"
CR275209,Brazil,"2985"
CR275210,Brazil,"2978"
CR275211,Brazil,"2972"
CR275212,Brazil,"2965"
CR275213,Brazil,"2957"
CR275214,Brazil,"2950"
CR275215,Brazil,"2942"
CR275216,Brazil,"2934"
CR275217,Brazil,"2926"
CR275218,Brazil,"2918"
CR275219,Brazil,"2909"
CR275220,Brazil,"2901"
CR275221,Brazil,"2892"
CR275222,Brazil,"2882"
CR275223,Brazil,"2873"
CR275224,Brazil,"2863"
CR275225,Brazil,"2854"
CR275226,Brazil,"2370"
CR276186,Brazil,"1366"
CR276187,Brazil,"3072"
CR276188,Brazil,"3071"
CR276189,Brazil,"3069"
CR276190,Brazil,"3067"
CR276191,Brazil,"3065"
CR276192,Brazil,"3062"
CR276193,Brazil,"3059"
CR276194,Brazil,"3056"
CR276195,Brazil,"3053"
CR276196,Brazil,"3050"
CR276197,Brazil,"3046"
CR276198,Brazil,"3042"
CR276199,Brazil,"3038"
CR276200,Brazil,"3034"
CR276201,Brazil,"3029"
CR276202,Brazil,"3025"
CR276203,Brazil,"3020"
CR276204,Brazil,"3014"
CR276205,Brazil,"3009"
CR276206,Brazil,"3003"
CR276207,Brazil,"2997"
CR276208,Brazil,"2991"
CR276209,Brazil,"2985"
CR276210,Brazil,"2978"
CR276211,Brazil,"2972"
CR276212,Brazil,"2965"
CR276213,Brazil,"2957"
CR276214,Brazil,"2950"
CR276215,Brazil,"2942"
CR276216,Brazil,"2934"
CR276217,Brazil,"2926"
CR276218,Brazil,"2918"
CR276219,Brazil,"2909"
CR276220,Brazil,"2901"
CR276221,Brazil,"2892"
CR276222,Brazil,"2882"
CR276223,Brazil,"2873"
CR276224,Brazil,"2863"
CR276225,Brazil,"2854"
CR276226,Brazil,"2212"
CR277186,Brazil,"1110"
CR277187,Brazil,"3072"
CR277188,Brazil,"3071"
CR277189,Brazil,"3069"
CR277190,Brazil,"3067"
CR277191,Brazil,"3065"
CR277192,Brazil,"3062"
CR277193,Brazil,"3059"
CR277194,Brazil,"3056"
CR277195,Brazil,"3053"
CR277196,Brazil,"3050"
CR277197,Brazil,"3046"
CR277198,Brazil,"3042"
CR277199,Brazil,"3038"
CR277200,Brazil,"3034"
CR277201,Brazil,"3029"
CR277202,Brazil,"3025"
CR277203,Brazil,"3020"
CR277204,Brazil,"3014"
CR277205,Brazil,"3009"
CR277206,Brazil,"3003"
CR277207,Brazil,"2997"
CR277208,Brazil,"2991"
CR277209,Brazil,"2985"
CR277210,Brazil,"2978"
CR277211,Brazil,"2972"
CR277212,Brazil,"2965"
CR277213,Brazil,"2957"
CR277214,Brazil,"2950"
CR277215,Brazil,"2942"
CR277216,Brazil,"2934"
CR277217,Brazil,"2845"
CR277218,Brazil,"2918"
CR277219,Brazil,"2909"
CR277220,Brazil,"2901"
CR277221,Brazil,"2892"
CR277222,Brazil,"2882"
CR277223,Brazil,"2873"
CR277224,Brazil,"2863"
CR277225,Brazil,"2062"
CR277226,Brazil,"79"
CR278186,Brazil,"427"
CR278187,Brazil,"2902"
CR278188,Brazil,"3071"
CR278189,Brazil,"3069"
CR278190,Brazil,"3067"
CR278191,Brazil,"3065"
CR278192,Brazil,"3062"
CR278193,Brazil,"3059"
CR278194,Brazil,"3056"
CR278195,Brazil,"3053"
CR278196,Brazil,"3050"
CR278197,Brazil,"3046"
CR278198,Brazil,"3042"
CR278199,Brazil,"3038"
CR278200,Brazil,"3034"
CR278201,Brazil,"3029"
CR278202,Brazil,"3025"
CR278203,Brazil,"3020"
CR278204,Brazil,"3014"
CR278205,Brazil,"3009"
CR278206,Brazil,"3003"
CR278207,Brazil,"2997"
CR278208,Brazil,"2991"
CR278209,Brazil,"2985"
CR278210,Brazil,"2978"
CR278211,Brazil,"2972"
CR278212,Brazil,"2965"
CR278213,Brazil,"2957"
CR278214,Brazil,"2950"
CR278215,Brazil,"2942"
CR278216,Brazil,"2934"
CR278217,Brazil,"2926"
CR278218,Brazil,"2918"
CR278219,Brazil,"2909"
CR278220,Brazil,"2901"
CR278221,Brazil,"2892"
CR278222,Brazil,"2882"
CR278223,Brazil,"2793"
CR278224,Brazil,"2386"
CR278225,Brazil,"476"
CR279186,Brazil,"598"
CR279187,Brazil,"3072"
CR279188,Brazil,"3071"
CR279189,Brazil,"3069"
CR279190,Brazil,"3067"
CR279191,Brazil,"3065"
CR279192,Brazil,"3062"
CR279193,Brazil,"3059"
CR279194,Brazil,"3056"
CR279195,Brazil,"3053"
CR279196,Brazil,"3050"
CR279197,Brazil,"3046"
CR279198,Brazil,"3042"
CR279199,Brazil,"3038"
CR279200,Brazil,"3034"
CR279201,Brazil,"3029"
CR279202,Brazil,"3025"
CR279203,Brazil,"3020"
CR279204,Brazil,"3014"
CR279205,Brazil,"3009"
CR279206,Brazil,"3003"
CR279207,Brazil,"2997"
CR279208,Brazil,"2991"
CR279209,Brazil,"2985"
CR279210,Brazil,"2978"
CR279211,Brazil,"2972"
CR279212,Brazil,"2965"
CR279213,Brazil,"2957"
CR279214,Brazil,"2950"
CR279215,Brazil,"2942"
CR279216,Brazil,"2934"
CR279217,Brazil,"2926"
CR279218,Brazil,"2918"
CR279219,Brazil,"2909"
CR279220,Brazil,"2901"
CR279221,Brazil,"2892"
CR279222,Brazil,"2163"
CR279223,Brazil,"240"
CR280186,Brazil,"1024"
CR280187,Brazil,"3072"
CR280188,Brazil,"3071"
CR280189,Brazil,"3069"
CR280190,Brazil,"3067"
CR280191,Brazil,"3065"
CR280192,Brazil,"3062"
CR280193,Brazil,"3059"
CR280194,Brazil,"3056"
CR280195,Brazil,"3053"
CR280196,Brazil,"3050"
CR280197,Brazil,"3046"
CR280198,Brazil,"3042"
CR280199,Brazil,"3038"
CR280200,Brazil,"3034"
CR280201,Brazil,"3029"
CR280202,Brazil,"3025"
CR280203,Brazil,"3020"
CR280204,Brazil,"3014"
CR280205,Brazil,"3009"
CR280206,Brazil,"3003"
CR280207,Brazil,"2997"
CR280208,Brazil,"2991"
CR280209,Brazil,"2985"
CR280210,Brazil,"2978"
CR280211,Brazil,"2972"
CR280212,Brazil,"2965"
CR280213,Brazil,"2957"
CR280214,Brazil,"2950"
CR280215,Brazil,"2942"
CR280216,Brazil,"2934"
CR280217,Brazil,"2926"
CR280218,Brazil,"2918"
CR280219,Brazil,"2829"
CR280220,Brazil,"2659"
CR280221,Brazil,"1527"
CR280222,Brazil,"240"
CR281186,Brazil,"85"
CR281187,Brazil,"2902"
CR281188,Brazil,"3071"
CR281189,Brazil,"3069"
CR281190,Brazil,"3067"
CR281191,Brazil,"3065"
CR281192,Brazil,"3062"
CR281193,Brazil,"3059"
CR281194,Brazil,"3056"
CR281195,Brazil,"3053"
CR281196,Brazil,"3050"
CR281197,Brazil,"3046"
CR281198,Brazil,"3042"
CR281199,Brazil,"3038"
CR281200,Brazil,"3034"
CR281201,Brazil,"3029"
CR281202,Brazil,"3025"
CR281203,Brazil,"3020"
CR281204,Brazil,"3014"
CR281205,Brazil,"3009"
CR281206,Brazil,"3003"
CR281207,Brazil,"2997"
CR281208,Brazil,"2991"
CR281209,Brazil,"2985"
CR281210,Brazil,"2978"
CR281211,Brazil,"2972"
CR281212,Brazil,"2965"
CR281213,Brazil,"2957"
CR281214,Brazil,"2950"
CR281215,Brazil,"2942"
CR281216,Brazil,"2934"
CR281217,Brazil,"2276"
CR281218,Brazil,"1459"
CR281219,Brazil,"1455"
CR281220,Brazil,"403"
CR282187,Brazil,"1451"
CR282188,Brazil,"3071"
CR282189,Brazil,"2898"
CR282190,Brazil,"3067"
CR282191,Brazil,"3065"
CR282192,Brazil,"3062"
CR282193,Brazil,"3059"
CR282194,Brazil,"3056"
CR282195,Brazil,"3053"
CR282196,Brazil,"3050"
CR282197,Brazil,"3046"
CR282198,Brazil,"3042"
CR282199,Brazil,"3038"
CR282200,Brazil,"3034"
CR282201,Brazil,"3029"
CR282202,Brazil,"3025"
CR282203,Brazil,"3020"
CR282204,Brazil,"3014"
CR282205,Brazil,"3009"
CR282206,Brazil,"3003"
CR282207,Brazil,"2997"
CR282208,Brazil,"2742"
CR282209,Brazil,"2902"
CR282210,Brazil,"2813"
CR282211,Brazil,"2972"
CR282212,Brazil,"2965"
CR282213,Brazil,"2875"
CR282214,Brazil,"2131"
CR282215,Brazil,"1716"
CR282216,Brazil,"1549"
CR283187,Brazil,"85"
CR283188,Brazil,"2388"
CR283189,Brazil,"3069"
CR283190,Brazil,"3067"
CR283191,Brazil,"3065"
CR283192,Brazil,"2977"
CR283193,Brazil,"3059"
CR283194,Brazil,"3056"
CR283195,Brazil,"3053"
CR283196,Brazil,"3050"
CR283197,Brazil,"3046"
CR283198,Brazil,"3042"
CR283199,Brazil,"3038"
CR283200,Brazil,"3034"
CR283201,Brazil,"3029"
CR283202,Brazil,"3025"
CR283203,Brazil,"3020"
CR283204,Brazil,"3014"
CR283205,Brazil,"3009"
CR283206,Brazil,"2086"
CR283207,Brazil,"583"
CR283208,Brazil,"166"
CR283209,Brazil,"83"
CR283212,Brazil,"329"
CR283213,Brazil,"164"
CR284188,Brazil,"512"
CR284189,Brazil,"2643"
CR284190,Brazil,"3067"
CR284191,Brazil,"3065"
CR284192,Brazil,"3062"
CR284193,Brazil,"3059"
CR284194,Brazil,"2972"
CR284195,Brazil,"3053"
CR284196,Brazil,"3050"
CR284197,Brazil,"3046"
CR284198,Brazil,"3042"
CR284199,Brazil,"3038"
CR284200,Brazil,"3034"
CR284201,Brazil,"3029"
CR284202,Brazil,"3025"
CR284203,Brazil,"3020"
CR284204,Brazil,"3014"
CR284205,Brazil,"3009"
CR284206,Brazil,"2003"
CR285189,Brazil,"511"
CR285190,Brazil,"2811"
CR285191,Brazil,"3065"
CR285192,Brazil,"3062"
CR285193,Brazil,"3059"
CR285194,Brazil,"3056"
CR285195,Brazil,"3053"
CR285196,Brazil,"3050"
CR285197,Brazil,"3046"
CR285198,Brazil,"3042"
CR285199,Brazil,"3038"
CR285200,Brazil,"3034"
CR285201,Brazil,"3029"
CR285202,Brazil,"3025"
CR285203,Brazil,"3020"
CR285204,Brazil,"2847"
CR285205,Brazil,"1254"
CR286190,Brazil,"1193"
CR286191,Brazil,"3065"
CR286192,Brazil,"3062"
CR286193,Brazil,"3059"
CR286194,Brazil,"3056"
CR286195,Brazil,"3053"
CR286196,Brazil,"3050"
CR286197,Brazil,"3046"
CR286198,Brazil,"3042"
CR286199,Brazil,"3038"
CR286200,Brazil,"3034"
CR286201,Brazil,"3029"
CR286202,Brazil,"3025"
CR286203,Brazil,"1510"
CR286204,Brazil,"168"
CR287190,Brazil,"170"
CR287191,Brazil,"2724"
CR287192,Brazil,"3062"
CR287193,Brazil,"2974"
CR287194,Brazil,"3056"
CR287195,Brazil,"3053"
CR287196,Brazil,"3050"
CR287197,Brazil,"3046"
CR287198,Brazil,"3042"
CR287199,Brazil,"3038"
CR287200,Brazil,"3034"
CR287201,Brazil,"2861"
CR287202,Brazil,"1093"
CR288191,Brazil,"2554"
CR288192,Brazil,"3062"
CR288193,Brazil,"3059"
CR288194,Brazil,"3056"
CR288195,Brazil,"3053"
CR288196,Brazil,"3050"
CR288197,Brazil,"3046"
CR288198,Brazil,"3042"
CR288199,Brazil,"3038"
CR288200,Brazil,"2950"
CR288201,Brazil,"1767"
CR289191,Brazil,"2469"
CR289192,Brazil,"3062"
CR289193,Brazil,"3059"
CR289194,Brazil,"3056"
CR289195,Brazil,"3053"
CR289196,Brazil,"3050"
CR289197,Brazil,"3046"
CR289198,Brazil,"3042"
CR289199,Brazil,"3038"
CR289200,Brazil,"1265"
CR290191,Brazil,"681"
CR290192,Brazil,"1871"
CR290193,Brazil,"2804"
CR290194,Brazil,"3056"
CR290195,Brazil,"3053"
CR290196,Brazil,"3050"
CR290197,Brazil,"3046"
CR290198,Brazil,"2451"
CR290199,Brazil,"760"
CR291194,Brazil,"424"
CR291195,Brazil,"1018"
CR291196,Brazil,"1017"
CR291197,Brazil,"508"
