"","ID","CD_Bioma","Bioma"
"1","CR213194",1,"AmazÃ´nia"
"2","CR213195",1,"AmazÃ´nia"
"3","CR213196",1,"AmazÃ´nia"
"4","CR213197",1,"AmazÃ´nia"
"5","CR214192",1,"AmazÃ´nia"
"6","CR214193",1,"AmazÃ´nia"
"7","CR214194",1,"AmazÃ´nia"
"8","CR214195",1,"AmazÃ´nia"
"9","CR214196",1,"AmazÃ´nia"
"10","CR214197",1,"AmazÃ´nia"
"11","CR214198",1,"AmazÃ´nia"
"12","CR214199",1,"AmazÃ´nia"
"13","CR215191",1,"AmazÃ´nia"
"14","CR215192",1,"AmazÃ´nia"
"15","CR215193",1,"AmazÃ´nia"
"16","CR215194",1,"AmazÃ´nia"
"17","CR215195",1,"AmazÃ´nia"
"18","CR215196",1,"AmazÃ´nia"
"19","CR215197",1,"AmazÃ´nia"
"20","CR215198",1,"AmazÃ´nia"
"21","CR215199",1,"AmazÃ´nia"
"22","CR216190",1,"AmazÃ´nia"
"23","CR216191",1,"AmazÃ´nia"
"24","CR216192",1,"AmazÃ´nia"
"25","CR216193",1,"AmazÃ´nia"
"26","CR216194",1,"AmazÃ´nia"
"27","CR216195",1,"AmazÃ´nia"
"28","CR216196",1,"AmazÃ´nia"
"29","CR216197",1,"AmazÃ´nia"
"30","CR216198",1,"AmazÃ´nia"
"31","CR216199",1,"AmazÃ´nia"
"32","CR216200",1,"AmazÃ´nia"
"33","CR217190",1,"AmazÃ´nia"
"34","CR217191",1,"AmazÃ´nia"
"35","CR217192",1,"AmazÃ´nia"
"36","CR217193",1,"AmazÃ´nia"
"37","CR217194",1,"AmazÃ´nia"
"38","CR217195",1,"AmazÃ´nia"
"39","CR217196",1,"AmazÃ´nia"
"40","CR217197",1,"AmazÃ´nia"
"41","CR217198",1,"AmazÃ´nia"
"42","CR217199",1,"AmazÃ´nia"
"43","CR217200",1,"AmazÃ´nia"
"44","CR218189",1,"AmazÃ´nia"
"45","CR218190",1,"AmazÃ´nia"
"46","CR218191",1,"AmazÃ´nia"
"47","CR218192",1,"AmazÃ´nia"
"48","CR218193",1,"AmazÃ´nia"
"49","CR218194",1,"AmazÃ´nia"
"50","CR218195",1,"AmazÃ´nia"
"51","CR218196",1,"AmazÃ´nia"
"52","CR218197",1,"AmazÃ´nia"
"53","CR218198",1,"AmazÃ´nia"
"54","CR218199",1,"AmazÃ´nia"
"55","CR218200",1,"AmazÃ´nia"
"56","CR219189",1,"AmazÃ´nia"
"57","CR219190",1,"AmazÃ´nia"
"58","CR219191",1,"AmazÃ´nia"
"59","CR219192",1,"AmazÃ´nia"
"60","CR219193",1,"AmazÃ´nia"
"61","CR219194",1,"AmazÃ´nia"
"62","CR219195",1,"AmazÃ´nia"
"63","CR219196",1,"AmazÃ´nia"
"64","CR219197",1,"AmazÃ´nia"
"65","CR219198",1,"AmazÃ´nia"
"66","CR219199",1,"AmazÃ´nia"
"67","CR219200",1,"AmazÃ´nia"
"68","CR219201",1,"AmazÃ´nia"
"69","CR219202",1,"AmazÃ´nia"
"70","CR220180",1,"AmazÃ´nia"
"71","CR220181",1,"AmazÃ´nia"
"72","CR220189",1,"AmazÃ´nia"
"73","CR220190",1,"AmazÃ´nia"
"74","CR220191",1,"AmazÃ´nia"
"75","CR220192",1,"AmazÃ´nia"
"76","CR220193",1,"AmazÃ´nia"
"77","CR220194",1,"AmazÃ´nia"
"78","CR220195",1,"AmazÃ´nia"
"79","CR220196",1,"AmazÃ´nia"
"80","CR220197",1,"AmazÃ´nia"
"81","CR220198",1,"AmazÃ´nia"
"82","CR220199",1,"AmazÃ´nia"
"83","CR220200",1,"AmazÃ´nia"
"84","CR220201",1,"AmazÃ´nia"
"85","CR220202",1,"AmazÃ´nia"
"86","CR220203",1,"AmazÃ´nia"
"87","CR221177",1,"AmazÃ´nia"
"88","CR221178",1,"AmazÃ´nia"
"89","CR221179",1,"AmazÃ´nia"
"90","CR221180",1,"AmazÃ´nia"
"91","CR221181",1,"AmazÃ´nia"
"92","CR221182",1,"AmazÃ´nia"
"93","CR221185",1,"AmazÃ´nia"
"94","CR221186",1,"AmazÃ´nia"
"95","CR221187",1,"AmazÃ´nia"
"96","CR221188",1,"AmazÃ´nia"
"97","CR221189",1,"AmazÃ´nia"
"98","CR221190",1,"AmazÃ´nia"
"99","CR221191",1,"AmazÃ´nia"
"100","CR221192",1,"AmazÃ´nia"
"101","CR221193",1,"AmazÃ´nia"
"102","CR221194",1,"AmazÃ´nia"
"103","CR221195",1,"AmazÃ´nia"
"104","CR221196",1,"AmazÃ´nia"
"105","CR221197",1,"AmazÃ´nia"
"106","CR221198",1,"AmazÃ´nia"
"107","CR221199",1,"AmazÃ´nia"
"108","CR221200",1,"AmazÃ´nia"
"109","CR221201",1,"AmazÃ´nia"
"110","CR221202",1,"AmazÃ´nia"
"111","CR222177",1,"AmazÃ´nia"
"112","CR222178",1,"AmazÃ´nia"
"113","CR222179",NA,""
"114","CR222180",1,"AmazÃ´nia"
"115","CR222181",1,"AmazÃ´nia"
"116","CR222182",1,"AmazÃ´nia"
"117","CR222183",1,"AmazÃ´nia"
"118","CR222184",1,"AmazÃ´nia"
"119","CR222185",1,"AmazÃ´nia"
"120","CR222186",1,"AmazÃ´nia"
"121","CR222187",1,"AmazÃ´nia"
"122","CR222188",1,"AmazÃ´nia"
"123","CR222189",1,"AmazÃ´nia"
"124","CR222190",1,"AmazÃ´nia"
"125","CR222191",1,"AmazÃ´nia"
"126","CR222192",1,"AmazÃ´nia"
"127","CR222193",1,"AmazÃ´nia"
"128","CR222194",1,"AmazÃ´nia"
"129","CR222195",1,"AmazÃ´nia"
"130","CR222196",1,"AmazÃ´nia"
"131","CR222197",1,"AmazÃ´nia"
"132","CR222198",1,"AmazÃ´nia"
"133","CR222199",1,"AmazÃ´nia"
"134","CR222200",1,"AmazÃ´nia"
"135","CR222201",1,"AmazÃ´nia"
"136","CR222202",1,"AmazÃ´nia"
"137","CR223177",1,"AmazÃ´nia"
"138","CR223178",1,"AmazÃ´nia"
"139","CR223179",1,"AmazÃ´nia"
"140","CR223180",1,"AmazÃ´nia"
"141","CR223181",1,"AmazÃ´nia"
"142","CR223182",1,"AmazÃ´nia"
"143","CR223183",1,"AmazÃ´nia"
"144","CR223184",1,"AmazÃ´nia"
"145","CR223185",1,"AmazÃ´nia"
"146","CR223186",1,"AmazÃ´nia"
"147","CR223187",1,"AmazÃ´nia"
"148","CR223188",1,"AmazÃ´nia"
"149","CR223189",1,"AmazÃ´nia"
"150","CR223190",1,"AmazÃ´nia"
"151","CR223191",1,"AmazÃ´nia"
"152","CR223192",1,"AmazÃ´nia"
"153","CR223193",1,"AmazÃ´nia"
"154","CR223194",1,"AmazÃ´nia"
"155","CR223195",1,"AmazÃ´nia"
"156","CR223196",1,"AmazÃ´nia"
"157","CR223197",1,"AmazÃ´nia"
"158","CR223198",1,"AmazÃ´nia"
"159","CR223199",1,"AmazÃ´nia"
"160","CR223200",1,"AmazÃ´nia"
"161","CR223201",1,"AmazÃ´nia"
"162","CR223202",1,"AmazÃ´nia"
"163","CR223203",1,"AmazÃ´nia"
"164","CR224177",1,"AmazÃ´nia"
"165","CR224178",1,"AmazÃ´nia"
"166","CR224179",1,"AmazÃ´nia"
"167","CR224180",1,"AmazÃ´nia"
"168","CR224181",1,"AmazÃ´nia"
"169","CR224182",1,"AmazÃ´nia"
"170","CR224183",1,"AmazÃ´nia"
"171","CR224184",1,"AmazÃ´nia"
"172","CR224185",1,"AmazÃ´nia"
"173","CR224186",1,"AmazÃ´nia"
"174","CR224187",1,"AmazÃ´nia"
"175","CR224188",1,"AmazÃ´nia"
"176","CR224189",1,"AmazÃ´nia"
"177","CR224190",1,"AmazÃ´nia"
"178","CR224191",1,"AmazÃ´nia"
"179","CR224192",1,"AmazÃ´nia"
"180","CR224193",1,"AmazÃ´nia"
"181","CR224194",1,"AmazÃ´nia"
"182","CR224195",1,"AmazÃ´nia"
"183","CR224196",1,"AmazÃ´nia"
"184","CR224197",1,"AmazÃ´nia"
"185","CR224198",1,"AmazÃ´nia"
"186","CR224199",1,"AmazÃ´nia"
"187","CR224200",1,"AmazÃ´nia"
"188","CR224201",1,"AmazÃ´nia"
"189","CR224202",1,"AmazÃ´nia"
"190","CR225176",1,"AmazÃ´nia"
"191","CR225177",1,"AmazÃ´nia"
"192","CR225178",1,"AmazÃ´nia"
"193","CR225179",1,"AmazÃ´nia"
"194","CR225180",1,"AmazÃ´nia"
"195","CR225181",1,"AmazÃ´nia"
"196","CR225182",1,"AmazÃ´nia"
"197","CR225183",1,"AmazÃ´nia"
"198","CR225184",1,"AmazÃ´nia"
"199","CR225185",1,"AmazÃ´nia"
"200","CR225186",1,"AmazÃ´nia"
"201","CR225187",1,"AmazÃ´nia"
"202","CR225188",1,"AmazÃ´nia"
"203","CR225189",1,"AmazÃ´nia"
"204","CR225190",1,"AmazÃ´nia"
"205","CR225191",1,"AmazÃ´nia"
"206","CR225192",1,"AmazÃ´nia"
"207","CR225193",1,"AmazÃ´nia"
"208","CR225194",1,"AmazÃ´nia"
"209","CR225195",1,"AmazÃ´nia"
"210","CR225196",1,"AmazÃ´nia"
"211","CR225197",1,"AmazÃ´nia"
"212","CR225198",1,"AmazÃ´nia"
"213","CR225199",1,"AmazÃ´nia"
"214","CR225200",1,"AmazÃ´nia"
"215","CR225201",1,"AmazÃ´nia"
"216","CR225202",1,"AmazÃ´nia"
"217","CR226176",1,"AmazÃ´nia"
"218","CR226177",1,"AmazÃ´nia"
"219","CR226178",1,"AmazÃ´nia"
"220","CR226179",1,"AmazÃ´nia"
"221","CR226180",1,"AmazÃ´nia"
"222","CR226181",1,"AmazÃ´nia"
"223","CR226182",1,"AmazÃ´nia"
"224","CR226183",1,"AmazÃ´nia"
"225","CR226184",1,"AmazÃ´nia"
"226","CR226185",1,"AmazÃ´nia"
"227","CR226186",1,"AmazÃ´nia"
"228","CR226187",1,"AmazÃ´nia"
"229","CR226188",1,"AmazÃ´nia"
"230","CR226189",1,"AmazÃ´nia"
"231","CR226190",1,"AmazÃ´nia"
"232","CR226191",1,"AmazÃ´nia"
"233","CR226192",1,"AmazÃ´nia"
"234","CR226193",1,"AmazÃ´nia"
"235","CR226194",1,"AmazÃ´nia"
"236","CR226195",1,"AmazÃ´nia"
"237","CR226196",1,"AmazÃ´nia"
"238","CR226197",1,"AmazÃ´nia"
"239","CR226198",1,"AmazÃ´nia"
"240","CR226199",1,"AmazÃ´nia"
"241","CR226200",1,"AmazÃ´nia"
"242","CR226201",1,"AmazÃ´nia"
"243","CR227178",1,"AmazÃ´nia"
"244","CR227179",1,"AmazÃ´nia"
"245","CR227180",1,"AmazÃ´nia"
"246","CR227181",1,"AmazÃ´nia"
"247","CR227182",1,"AmazÃ´nia"
"248","CR227183",1,"AmazÃ´nia"
"249","CR227184",1,"AmazÃ´nia"
"250","CR227185",1,"AmazÃ´nia"
"251","CR227186",1,"AmazÃ´nia"
"252","CR227187",1,"AmazÃ´nia"
"253","CR227188",1,"AmazÃ´nia"
"254","CR227189",1,"AmazÃ´nia"
"255","CR227190",1,"AmazÃ´nia"
"256","CR227191",1,"AmazÃ´nia"
"257","CR227192",1,"AmazÃ´nia"
"258","CR227193",1,"AmazÃ´nia"
"259","CR227194",1,"AmazÃ´nia"
"260","CR227195",1,"AmazÃ´nia"
"261","CR227196",1,"AmazÃ´nia"
"262","CR227197",1,"AmazÃ´nia"
"263","CR227198",1,"AmazÃ´nia"
"264","CR227199",1,"AmazÃ´nia"
"265","CR227200",1,"AmazÃ´nia"
"266","CR227201",1,"AmazÃ´nia"
"267","CR228179",1,"AmazÃ´nia"
"268","CR228180",1,"AmazÃ´nia"
"269","CR228181",1,"AmazÃ´nia"
"270","CR228182",1,"AmazÃ´nia"
"271","CR228183",1,"AmazÃ´nia"
"272","CR228184",1,"AmazÃ´nia"
"273","CR228185",1,"AmazÃ´nia"
"274","CR228186",1,"AmazÃ´nia"
"275","CR228187",1,"AmazÃ´nia"
"276","CR228188",1,"AmazÃ´nia"
"277","CR228189",1,"AmazÃ´nia"
"278","CR228190",1,"AmazÃ´nia"
"279","CR228191",1,"AmazÃ´nia"
"280","CR228192",1,"AmazÃ´nia"
"281","CR228193",1,"AmazÃ´nia"
"282","CR228194",1,"AmazÃ´nia"
"283","CR228195",1,"AmazÃ´nia"
"284","CR228196",1,"AmazÃ´nia"
"285","CR228197",1,"AmazÃ´nia"
"286","CR228198",1,"AmazÃ´nia"
"287","CR228199",1,"AmazÃ´nia"
"288","CR228200",1,"AmazÃ´nia"
"289","CR229179",1,"AmazÃ´nia"
"290","CR229180",1,"AmazÃ´nia"
"291","CR229181",1,"AmazÃ´nia"
"292","CR229182",1,"AmazÃ´nia"
"293","CR229183",1,"AmazÃ´nia"
"294","CR229184",1,"AmazÃ´nia"
"295","CR229185",1,"AmazÃ´nia"
"296","CR229186",1,"AmazÃ´nia"
"297","CR229187",1,"AmazÃ´nia"
"298","CR229188",1,"AmazÃ´nia"
"299","CR229189",1,"AmazÃ´nia"
"300","CR229190",1,"AmazÃ´nia"
"301","CR229191",1,"AmazÃ´nia"
"302","CR229192",1,"AmazÃ´nia"
"303","CR229193",1,"AmazÃ´nia"
"304","CR229194",1,"AmazÃ´nia"
"305","CR229195",1,"AmazÃ´nia"
"306","CR229196",1,"AmazÃ´nia"
"307","CR229197",1,"AmazÃ´nia"
"308","CR229198",1,"AmazÃ´nia"
"309","CR229199",1,"AmazÃ´nia"
"310","CR229200",1,"AmazÃ´nia"
"311","CR230178",1,"AmazÃ´nia"
"312","CR230179",1,"AmazÃ´nia"
"313","CR230180",1,"AmazÃ´nia"
"314","CR230181",1,"AmazÃ´nia"
"315","CR230182",1,"AmazÃ´nia"
"316","CR230183",1,"AmazÃ´nia"
"317","CR230184",1,"AmazÃ´nia"
"318","CR230185",1,"AmazÃ´nia"
"319","CR230186",1,"AmazÃ´nia"
"320","CR230187",1,"AmazÃ´nia"
"321","CR230188",1,"AmazÃ´nia"
"322","CR230189",1,"AmazÃ´nia"
"323","CR230190",1,"AmazÃ´nia"
"324","CR230191",1,"AmazÃ´nia"
"325","CR230192",1,"AmazÃ´nia"
"326","CR230193",1,"AmazÃ´nia"
"327","CR230194",1,"AmazÃ´nia"
"328","CR230195",1,"AmazÃ´nia"
"329","CR230196",1,"AmazÃ´nia"
"330","CR230197",1,"AmazÃ´nia"
"331","CR230198",1,"AmazÃ´nia"
"332","CR230199",1,"AmazÃ´nia"
"333","CR230200",1,"AmazÃ´nia"
"334","CR230201",1,"AmazÃ´nia"
"335","CR230202",1,"AmazÃ´nia"
"336","CR230203",1,"AmazÃ´nia"
"337","CR230204",1,"AmazÃ´nia"
"338","CR231172",1,"AmazÃ´nia"
"339","CR231173",1,"AmazÃ´nia"
"340","CR231178",1,"AmazÃ´nia"
"341","CR231179",1,"AmazÃ´nia"
"342","CR231180",1,"AmazÃ´nia"
"343","CR231181",1,"AmazÃ´nia"
"344","CR231182",1,"AmazÃ´nia"
"345","CR231183",1,"AmazÃ´nia"
"346","CR231184",1,"AmazÃ´nia"
"347","CR231185",1,"AmazÃ´nia"
"348","CR231186",1,"AmazÃ´nia"
"349","CR231187",1,"AmazÃ´nia"
"350","CR231188",1,"AmazÃ´nia"
"351","CR231189",1,"AmazÃ´nia"
"352","CR231190",1,"AmazÃ´nia"
"353","CR231191",1,"AmazÃ´nia"
"354","CR231192",1,"AmazÃ´nia"
"355","CR231193",1,"AmazÃ´nia"
"356","CR231194",1,"AmazÃ´nia"
"357","CR231195",1,"AmazÃ´nia"
"358","CR231196",1,"AmazÃ´nia"
"359","CR231197",1,"AmazÃ´nia"
"360","CR231198",1,"AmazÃ´nia"
"361","CR231199",1,"AmazÃ´nia"
"362","CR231200",1,"AmazÃ´nia"
"363","CR231201",1,"AmazÃ´nia"
"364","CR231202",1,"AmazÃ´nia"
"365","CR231203",1,"AmazÃ´nia"
"366","CR231204",1,"AmazÃ´nia"
"367","CR231205",1,"AmazÃ´nia"
"368","CR232172",1,"AmazÃ´nia"
"369","CR232173",1,"AmazÃ´nia"
"370","CR232174",1,"AmazÃ´nia"
"371","CR232175",1,"AmazÃ´nia"
"372","CR232177",NA,""
"373","CR232178",1,"AmazÃ´nia"
"374","CR232179",1,"AmazÃ´nia"
"375","CR232180",1,"AmazÃ´nia"
"376","CR232181",1,"AmazÃ´nia"
"377","CR232182",1,"AmazÃ´nia"
"378","CR232183",1,"AmazÃ´nia"
"379","CR232184",1,"AmazÃ´nia"
"380","CR232185",1,"AmazÃ´nia"
"381","CR232186",1,"AmazÃ´nia"
"382","CR232187",1,"AmazÃ´nia"
"383","CR232188",1,"AmazÃ´nia"
"384","CR232189",1,"AmazÃ´nia"
"385","CR232190",1,"AmazÃ´nia"
"386","CR232191",1,"AmazÃ´nia"
"387","CR232192",1,"AmazÃ´nia"
"388","CR232193",1,"AmazÃ´nia"
"389","CR232194",1,"AmazÃ´nia"
"390","CR232195",1,"AmazÃ´nia"
"391","CR232196",1,"AmazÃ´nia"
"392","CR232197",1,"AmazÃ´nia"
"393","CR232198",1,"AmazÃ´nia"
"394","CR232199",1,"AmazÃ´nia"
"395","CR232200",1,"AmazÃ´nia"
"396","CR232201",1,"AmazÃ´nia"
"397","CR232202",1,"AmazÃ´nia"
"398","CR232203",1,"AmazÃ´nia"
"399","CR232204",1,"AmazÃ´nia"
"400","CR232205",1,"AmazÃ´nia"
"401","CR233173",1,"AmazÃ´nia"
"402","CR233174",1,"AmazÃ´nia"
"403","CR233175",1,"AmazÃ´nia"
"404","CR233176",1,"AmazÃ´nia"
"405","CR233177",1,"AmazÃ´nia"
"406","CR233178",1,"AmazÃ´nia"
"407","CR233179",1,"AmazÃ´nia"
"408","CR233180",1,"AmazÃ´nia"
"409","CR233181",1,"AmazÃ´nia"
"410","CR233182",1,"AmazÃ´nia"
"411","CR233183",1,"AmazÃ´nia"
"412","CR233184",1,"AmazÃ´nia"
"413","CR233185",1,"AmazÃ´nia"
"414","CR233186",1,"AmazÃ´nia"
"415","CR233187",1,"AmazÃ´nia"
"416","CR233188",1,"AmazÃ´nia"
"417","CR233189",1,"AmazÃ´nia"
"418","CR233190",1,"AmazÃ´nia"
"419","CR233191",1,"AmazÃ´nia"
"420","CR233192",1,"AmazÃ´nia"
"421","CR233193",1,"AmazÃ´nia"
"422","CR233194",1,"AmazÃ´nia"
"423","CR233195",1,"AmazÃ´nia"
"424","CR233196",1,"AmazÃ´nia"
"425","CR233197",1,"AmazÃ´nia"
"426","CR233198",1,"AmazÃ´nia"
"427","CR233199",1,"AmazÃ´nia"
"428","CR233200",1,"AmazÃ´nia"
"429","CR233201",1,"AmazÃ´nia"
"430","CR233202",1,"AmazÃ´nia"
"431","CR233203",1,"AmazÃ´nia"
"432","CR233204",1,"AmazÃ´nia"
"433","CR233205",1,"AmazÃ´nia"
"434","CR233206",NA,""
"435","CR234173",1,"AmazÃ´nia"
"436","CR234174",1,"AmazÃ´nia"
"437","CR234175",1,"AmazÃ´nia"
"438","CR234176",1,"AmazÃ´nia"
"439","CR234177",1,"AmazÃ´nia"
"440","CR234178",1,"AmazÃ´nia"
"441","CR234179",1,"AmazÃ´nia"
"442","CR234180",1,"AmazÃ´nia"
"443","CR234181",1,"AmazÃ´nia"
"444","CR234182",1,"AmazÃ´nia"
"445","CR234183",1,"AmazÃ´nia"
"446","CR234184",1,"AmazÃ´nia"
"447","CR234185",1,"AmazÃ´nia"
"448","CR234186",1,"AmazÃ´nia"
"449","CR234187",1,"AmazÃ´nia"
"450","CR234188",1,"AmazÃ´nia"
"451","CR234189",1,"AmazÃ´nia"
"452","CR234190",1,"AmazÃ´nia"
"453","CR234191",1,"AmazÃ´nia"
"454","CR234192",1,"AmazÃ´nia"
"455","CR234193",1,"AmazÃ´nia"
"456","CR234194",1,"AmazÃ´nia"
"457","CR234195",1,"AmazÃ´nia"
"458","CR234196",1,"AmazÃ´nia"
"459","CR234197",1,"AmazÃ´nia"
"460","CR234198",1,"AmazÃ´nia"
"461","CR234199",1,"AmazÃ´nia"
"462","CR234200",1,"AmazÃ´nia"
"463","CR234201",1,"AmazÃ´nia"
"464","CR234202",1,"AmazÃ´nia"
"465","CR234203",1,"AmazÃ´nia"
"466","CR234204",1,"AmazÃ´nia"
"467","CR234205",1,"AmazÃ´nia"
"468","CR234206",1,"AmazÃ´nia"
"469","CR235172",NA,""
"470","CR235173",1,"AmazÃ´nia"
"471","CR235174",1,"AmazÃ´nia"
"472","CR235175",1,"AmazÃ´nia"
"473","CR235176",1,"AmazÃ´nia"
"474","CR235177",1,"AmazÃ´nia"
"475","CR235178",1,"AmazÃ´nia"
"476","CR235179",1,"AmazÃ´nia"
"477","CR235180",1,"AmazÃ´nia"
"478","CR235181",1,"AmazÃ´nia"
"479","CR235182",1,"AmazÃ´nia"
"480","CR235183",1,"AmazÃ´nia"
"481","CR235184",1,"AmazÃ´nia"
"482","CR235185",1,"AmazÃ´nia"
"483","CR235186",1,"AmazÃ´nia"
"484","CR235187",1,"AmazÃ´nia"
"485","CR235188",1,"AmazÃ´nia"
"486","CR235189",1,"AmazÃ´nia"
"487","CR235190",1,"AmazÃ´nia"
"488","CR235191",1,"AmazÃ´nia"
"489","CR235192",1,"AmazÃ´nia"
"490","CR235193",1,"AmazÃ´nia"
"491","CR235194",1,"AmazÃ´nia"
"492","CR235195",1,"AmazÃ´nia"
"493","CR235196",1,"AmazÃ´nia"
"494","CR235197",1,"AmazÃ´nia"
"495","CR235198",1,"AmazÃ´nia"
"496","CR235199",1,"AmazÃ´nia"
"497","CR235200",1,"AmazÃ´nia"
"498","CR235201",1,"AmazÃ´nia"
"499","CR235202",1,"AmazÃ´nia"
"500","CR235203",1,"AmazÃ´nia"
"501","CR235204",1,"AmazÃ´nia"
"502","CR235205",1,"AmazÃ´nia"
"503","CR235206",1,"AmazÃ´nia"
"504","CR235207",1,"AmazÃ´nia"
"505","CR236172",1,"AmazÃ´nia"
"506","CR236173",1,"AmazÃ´nia"
"507","CR236174",1,"AmazÃ´nia"
"508","CR236175",1,"AmazÃ´nia"
"509","CR236176",1,"AmazÃ´nia"
"510","CR236177",1,"AmazÃ´nia"
"511","CR236178",1,"AmazÃ´nia"
"512","CR236179",1,"AmazÃ´nia"
"513","CR236180",1,"AmazÃ´nia"
"514","CR236181",1,"AmazÃ´nia"
"515","CR236182",1,"AmazÃ´nia"
"516","CR236183",1,"AmazÃ´nia"
"517","CR236184",1,"AmazÃ´nia"
"518","CR236185",1,"AmazÃ´nia"
"519","CR236186",1,"AmazÃ´nia"
"520","CR236187",1,"AmazÃ´nia"
"521","CR236188",1,"AmazÃ´nia"
"522","CR236189",1,"AmazÃ´nia"
"523","CR236190",1,"AmazÃ´nia"
"524","CR236191",1,"AmazÃ´nia"
"525","CR236192",1,"AmazÃ´nia"
"526","CR236193",1,"AmazÃ´nia"
"527","CR236194",1,"AmazÃ´nia"
"528","CR236195",1,"AmazÃ´nia"
"529","CR236196",1,"AmazÃ´nia"
"530","CR236197",1,"AmazÃ´nia"
"531","CR236198",1,"AmazÃ´nia"
"532","CR236199",1,"AmazÃ´nia"
"533","CR236200",1,"AmazÃ´nia"
"534","CR236201",1,"AmazÃ´nia"
"535","CR236202",1,"AmazÃ´nia"
"536","CR236203",1,"AmazÃ´nia"
"537","CR236204",1,"AmazÃ´nia"
"538","CR236205",1,"AmazÃ´nia"
"539","CR236206",1,"AmazÃ´nia"
"540","CR236207",1,"AmazÃ´nia"
"541","CR237172",1,"AmazÃ´nia"
"542","CR237173",1,"AmazÃ´nia"
"543","CR237174",1,"AmazÃ´nia"
"544","CR237175",1,"AmazÃ´nia"
"545","CR237176",1,"AmazÃ´nia"
"546","CR237177",1,"AmazÃ´nia"
"547","CR237178",1,"AmazÃ´nia"
"548","CR237179",1,"AmazÃ´nia"
"549","CR237180",1,"AmazÃ´nia"
"550","CR237181",1,"AmazÃ´nia"
"551","CR237182",1,"AmazÃ´nia"
"552","CR237183",1,"AmazÃ´nia"
"553","CR237184",1,"AmazÃ´nia"
"554","CR237185",1,"AmazÃ´nia"
"555","CR237186",1,"AmazÃ´nia"
"556","CR237187",1,"AmazÃ´nia"
"557","CR237188",1,"AmazÃ´nia"
"558","CR237189",1,"AmazÃ´nia"
"559","CR237190",1,"AmazÃ´nia"
"560","CR237191",1,"AmazÃ´nia"
"561","CR237192",1,"AmazÃ´nia"
"562","CR237193",1,"AmazÃ´nia"
"563","CR237194",1,"AmazÃ´nia"
"564","CR237195",1,"AmazÃ´nia"
"565","CR237196",1,"AmazÃ´nia"
"566","CR237197",1,"AmazÃ´nia"
"567","CR237198",1,"AmazÃ´nia"
"568","CR237199",1,"AmazÃ´nia"
"569","CR237200",1,"AmazÃ´nia"
"570","CR237201",1,"AmazÃ´nia"
"571","CR237202",1,"AmazÃ´nia"
"572","CR237203",1,"AmazÃ´nia"
"573","CR237204",1,"AmazÃ´nia"
"574","CR237205",1,"AmazÃ´nia"
"575","CR237206",1,"AmazÃ´nia"
"576","CR237207",1,"AmazÃ´nia"
"577","CR238172",1,"AmazÃ´nia"
"578","CR238173",1,"AmazÃ´nia"
"579","CR238174",1,"AmazÃ´nia"
"580","CR238175",1,"AmazÃ´nia"
"581","CR238176",1,"AmazÃ´nia"
"582","CR238177",1,"AmazÃ´nia"
"583","CR238178",1,"AmazÃ´nia"
"584","CR238179",1,"AmazÃ´nia"
"585","CR238180",1,"AmazÃ´nia"
"586","CR238181",1,"AmazÃ´nia"
"587","CR238182",1,"AmazÃ´nia"
"588","CR238183",1,"AmazÃ´nia"
"589","CR238184",1,"AmazÃ´nia"
"590","CR238185",1,"AmazÃ´nia"
"591","CR238186",1,"AmazÃ´nia"
"592","CR238187",1,"AmazÃ´nia"
"593","CR238188",1,"AmazÃ´nia"
"594","CR238189",1,"AmazÃ´nia"
"595","CR238190",1,"AmazÃ´nia"
"596","CR238191",1,"AmazÃ´nia"
"597","CR238192",1,"AmazÃ´nia"
"598","CR238193",1,"AmazÃ´nia"
"599","CR238194",1,"AmazÃ´nia"
"600","CR238195",1,"AmazÃ´nia"
"601","CR238196",1,"AmazÃ´nia"
"602","CR238197",1,"AmazÃ´nia"
"603","CR238198",1,"AmazÃ´nia"
"604","CR238199",1,"AmazÃ´nia"
"605","CR238200",1,"AmazÃ´nia"
"606","CR238201",1,"AmazÃ´nia"
"607","CR238202",1,"AmazÃ´nia"
"608","CR238203",1,"AmazÃ´nia"
"609","CR238204",1,"AmazÃ´nia"
"610","CR238205",1,"AmazÃ´nia"
"611","CR238206",1,"AmazÃ´nia"
"612","CR238207",1,"AmazÃ´nia"
"613","CR238208",1,"AmazÃ´nia"
"614","CR239170",1,"AmazÃ´nia"
"615","CR239171",1,"AmazÃ´nia"
"616","CR239172",1,"AmazÃ´nia"
"617","CR239173",1,"AmazÃ´nia"
"618","CR239174",1,"AmazÃ´nia"
"619","CR239175",1,"AmazÃ´nia"
"620","CR239176",1,"AmazÃ´nia"
"621","CR239177",1,"AmazÃ´nia"
"622","CR239178",1,"AmazÃ´nia"
"623","CR239179",1,"AmazÃ´nia"
"624","CR239180",1,"AmazÃ´nia"
"625","CR239181",1,"AmazÃ´nia"
"626","CR239182",1,"AmazÃ´nia"
"627","CR239183",1,"AmazÃ´nia"
"628","CR239184",1,"AmazÃ´nia"
"629","CR239185",1,"AmazÃ´nia"
"630","CR239186",1,"AmazÃ´nia"
"631","CR239187",1,"AmazÃ´nia"
"632","CR239188",1,"AmazÃ´nia"
"633","CR239189",1,"AmazÃ´nia"
"634","CR239190",1,"AmazÃ´nia"
"635","CR239191",1,"AmazÃ´nia"
"636","CR239192",1,"AmazÃ´nia"
"637","CR239193",1,"AmazÃ´nia"
"638","CR239194",1,"AmazÃ´nia"
"639","CR239195",1,"AmazÃ´nia"
"640","CR239196",1,"AmazÃ´nia"
"641","CR239197",1,"AmazÃ´nia"
"642","CR239198",1,"AmazÃ´nia"
"643","CR239199",1,"AmazÃ´nia"
"644","CR239200",1,"AmazÃ´nia"
"645","CR239201",1,"AmazÃ´nia"
"646","CR239202",1,"AmazÃ´nia"
"647","CR239203",1,"AmazÃ´nia"
"648","CR239204",1,"AmazÃ´nia"
"649","CR239205",1,"AmazÃ´nia"
"650","CR239206",1,"AmazÃ´nia"
"651","CR239207",1,"AmazÃ´nia"
"652","CR239208",1,"AmazÃ´nia"
"653","CR239211",1,"AmazÃ´nia"
"654","CR240170",1,"AmazÃ´nia"
"655","CR240171",1,"AmazÃ´nia"
"656","CR240172",1,"AmazÃ´nia"
"657","CR240173",1,"AmazÃ´nia"
"658","CR240174",1,"AmazÃ´nia"
"659","CR240175",1,"AmazÃ´nia"
"660","CR240176",1,"AmazÃ´nia"
"661","CR240177",1,"AmazÃ´nia"
"662","CR240178",1,"AmazÃ´nia"
"663","CR240179",1,"AmazÃ´nia"
"664","CR240180",1,"AmazÃ´nia"
"665","CR240181",1,"AmazÃ´nia"
"666","CR240182",1,"AmazÃ´nia"
"667","CR240183",1,"AmazÃ´nia"
"668","CR240184",1,"AmazÃ´nia"
"669","CR240185",1,"AmazÃ´nia"
"670","CR240186",1,"AmazÃ´nia"
"671","CR240187",1,"AmazÃ´nia"
"672","CR240188",1,"AmazÃ´nia"
"673","CR240189",1,"AmazÃ´nia"
"674","CR240190",1,"AmazÃ´nia"
"675","CR240191",1,"AmazÃ´nia"
"676","CR240192",1,"AmazÃ´nia"
"677","CR240193",1,"AmazÃ´nia"
"678","CR240194",1,"AmazÃ´nia"
"679","CR240195",1,"AmazÃ´nia"
"680","CR240196",1,"AmazÃ´nia"
"681","CR240197",1,"AmazÃ´nia"
"682","CR240198",1,"AmazÃ´nia"
"683","CR240199",1,"AmazÃ´nia"
"684","CR240200",1,"AmazÃ´nia"
"685","CR240201",1,"AmazÃ´nia"
"686","CR240202",1,"AmazÃ´nia"
"687","CR240203",1,"AmazÃ´nia"
"688","CR240204",1,"AmazÃ´nia"
"689","CR240205",1,"AmazÃ´nia"
"690","CR240206",1,"AmazÃ´nia"
"691","CR240207",1,"AmazÃ´nia"
"692","CR240208",1,"AmazÃ´nia"
"693","CR240209",1,"AmazÃ´nia"
"694","CR240210",1,"AmazÃ´nia"
"695","CR240211",1,"AmazÃ´nia"
"696","CR240212",1,"AmazÃ´nia"
"697","CR240213",1,"AmazÃ´nia"
"698","CR241172",1,"AmazÃ´nia"
"699","CR241173",1,"AmazÃ´nia"
"700","CR241174",1,"AmazÃ´nia"
"701","CR241175",1,"AmazÃ´nia"
"702","CR241176",1,"AmazÃ´nia"
"703","CR241177",1,"AmazÃ´nia"
"704","CR241178",1,"AmazÃ´nia"
"705","CR241179",1,"AmazÃ´nia"
"706","CR241180",1,"AmazÃ´nia"
"707","CR241181",1,"AmazÃ´nia"
"708","CR241182",1,"AmazÃ´nia"
"709","CR241183",1,"AmazÃ´nia"
"710","CR241184",1,"AmazÃ´nia"
"711","CR241185",1,"AmazÃ´nia"
"712","CR241186",1,"AmazÃ´nia"
"713","CR241187",1,"AmazÃ´nia"
"714","CR241188",1,"AmazÃ´nia"
"715","CR241189",1,"AmazÃ´nia"
"716","CR241190",1,"AmazÃ´nia"
"717","CR241191",1,"AmazÃ´nia"
"718","CR241192",1,"AmazÃ´nia"
"719","CR241193",1,"AmazÃ´nia"
"720","CR241194",1,"AmazÃ´nia"
"721","CR241195",1,"AmazÃ´nia"
"722","CR241196",1,"AmazÃ´nia"
"723","CR241197",1,"AmazÃ´nia"
"724","CR241198",1,"AmazÃ´nia"
"725","CR241199",1,"AmazÃ´nia"
"726","CR241200",1,"AmazÃ´nia"
"727","CR241201",1,"AmazÃ´nia"
"728","CR241202",1,"AmazÃ´nia"
"729","CR241203",1,"AmazÃ´nia"
"730","CR241204",1,"AmazÃ´nia"
"731","CR241205",3,"Cerrado"
"732","CR241206",3,"Cerrado"
"733","CR241207",1,"AmazÃ´nia"
"734","CR241208",3,"Cerrado"
"735","CR241209",1,"AmazÃ´nia"
"736","CR241210",1,"AmazÃ´nia"
"737","CR241211",1,"AmazÃ´nia"
"738","CR241212",1,"AmazÃ´nia"
"739","CR241213",1,"AmazÃ´nia"
"740","CR242177",1,"AmazÃ´nia"
"741","CR242178",1,"AmazÃ´nia"
"742","CR242179",1,"AmazÃ´nia"
"743","CR242180",1,"AmazÃ´nia"
"744","CR242181",1,"AmazÃ´nia"
"745","CR242182",1,"AmazÃ´nia"
"746","CR242183",1,"AmazÃ´nia"
"747","CR242184",1,"AmazÃ´nia"
"748","CR242185",1,"AmazÃ´nia"
"749","CR242186",1,"AmazÃ´nia"
"750","CR242187",1,"AmazÃ´nia"
"751","CR242188",1,"AmazÃ´nia"
"752","CR242189",1,"AmazÃ´nia"
"753","CR242190",1,"AmazÃ´nia"
"754","CR242191",1,"AmazÃ´nia"
"755","CR242192",1,"AmazÃ´nia"
"756","CR242193",1,"AmazÃ´nia"
"757","CR242194",1,"AmazÃ´nia"
"758","CR242195",1,"AmazÃ´nia"
"759","CR242196",1,"AmazÃ´nia"
"760","CR242197",1,"AmazÃ´nia"
"761","CR242198",1,"AmazÃ´nia"
"762","CR242199",1,"AmazÃ´nia"
"763","CR242200",1,"AmazÃ´nia"
"764","CR242201",1,"AmazÃ´nia"
"765","CR242202",1,"AmazÃ´nia"
"766","CR242203",1,"AmazÃ´nia"
"767","CR242204",1,"AmazÃ´nia"
"768","CR242205",3,"Cerrado"
"769","CR242206",3,"Cerrado"
"770","CR242207",3,"Cerrado"
"771","CR242208",3,"Cerrado"
"772","CR242209",3,"Cerrado"
"773","CR242210",3,"Cerrado"
"774","CR242211",1,"AmazÃ´nia"
"775","CR242212",1,"AmazÃ´nia"
"776","CR242213",1,"AmazÃ´nia"
"777","CR243178",1,"AmazÃ´nia"
"778","CR243179",1,"AmazÃ´nia"
"779","CR243180",1,"AmazÃ´nia"
"780","CR243181",1,"AmazÃ´nia"
"781","CR243182",1,"AmazÃ´nia"
"782","CR243183",1,"AmazÃ´nia"
"783","CR243184",1,"AmazÃ´nia"
"784","CR243185",1,"AmazÃ´nia"
"785","CR243186",1,"AmazÃ´nia"
"786","CR243187",1,"AmazÃ´nia"
"787","CR243188",1,"AmazÃ´nia"
"788","CR243189",1,"AmazÃ´nia"
"789","CR243190",1,"AmazÃ´nia"
"790","CR243191",1,"AmazÃ´nia"
"791","CR243192",1,"AmazÃ´nia"
"792","CR243193",1,"AmazÃ´nia"
"793","CR243194",1,"AmazÃ´nia"
"794","CR243195",1,"AmazÃ´nia"
"795","CR243196",1,"AmazÃ´nia"
"796","CR243197",1,"AmazÃ´nia"
"797","CR243198",1,"AmazÃ´nia"
"798","CR243199",1,"AmazÃ´nia"
"799","CR243200",1,"AmazÃ´nia"
"800","CR243201",1,"AmazÃ´nia"
"801","CR243202",1,"AmazÃ´nia"
"802","CR243203",1,"AmazÃ´nia"
"803","CR243204",1,"AmazÃ´nia"
"804","CR243205",3,"Cerrado"
"805","CR243206",3,"Cerrado"
"806","CR243207",3,"Cerrado"
"807","CR243208",3,"Cerrado"
"808","CR243209",3,"Cerrado"
"809","CR243210",3,"Cerrado"
"810","CR243211",1,"AmazÃ´nia"
"811","CR243212",1,"AmazÃ´nia"
"812","CR243213",6,"Pantanal"
"813","CR244177",1,"AmazÃ´nia"
"814","CR244178",1,"AmazÃ´nia"
"815","CR244179",1,"AmazÃ´nia"
"816","CR244180",1,"AmazÃ´nia"
"817","CR244181",1,"AmazÃ´nia"
"818","CR244182",1,"AmazÃ´nia"
"819","CR244183",1,"AmazÃ´nia"
"820","CR244184",1,"AmazÃ´nia"
"821","CR244185",1,"AmazÃ´nia"
"822","CR244186",1,"AmazÃ´nia"
"823","CR244187",1,"AmazÃ´nia"
"824","CR244188",1,"AmazÃ´nia"
"825","CR244189",1,"AmazÃ´nia"
"826","CR244190",1,"AmazÃ´nia"
"827","CR244191",1,"AmazÃ´nia"
"828","CR244192",1,"AmazÃ´nia"
"829","CR244193",1,"AmazÃ´nia"
"830","CR244194",1,"AmazÃ´nia"
"831","CR244195",1,"AmazÃ´nia"
"832","CR244196",1,"AmazÃ´nia"
"833","CR244197",1,"AmazÃ´nia"
"834","CR244198",1,"AmazÃ´nia"
"835","CR244199",1,"AmazÃ´nia"
"836","CR244200",1,"AmazÃ´nia"
"837","CR244201",1,"AmazÃ´nia"
"838","CR244202",1,"AmazÃ´nia"
"839","CR244203",1,"AmazÃ´nia"
"840","CR244204",1,"AmazÃ´nia"
"841","CR244205",1,"AmazÃ´nia"
"842","CR244206",3,"Cerrado"
"843","CR244207",3,"Cerrado"
"844","CR244208",3,"Cerrado"
"845","CR244209",3,"Cerrado"
"846","CR244210",3,"Cerrado"
"847","CR244211",1,"AmazÃ´nia"
"848","CR244212",1,"AmazÃ´nia"
"849","CR244213",1,"AmazÃ´nia"
"850","CR244214",6,"Pantanal"
"851","CR244215",6,"Pantanal"
"852","CR244220",6,"Pantanal"
"853","CR244221",6,"Pantanal"
"854","CR245177",1,"AmazÃ´nia"
"855","CR245178",1,"AmazÃ´nia"
"856","CR245179",1,"AmazÃ´nia"
"857","CR245180",1,"AmazÃ´nia"
"858","CR245181",1,"AmazÃ´nia"
"859","CR245182",1,"AmazÃ´nia"
"860","CR245183",1,"AmazÃ´nia"
"861","CR245184",1,"AmazÃ´nia"
"862","CR245185",1,"AmazÃ´nia"
"863","CR245186",1,"AmazÃ´nia"
"864","CR245187",1,"AmazÃ´nia"
"865","CR245188",1,"AmazÃ´nia"
"866","CR245189",1,"AmazÃ´nia"
"867","CR245190",1,"AmazÃ´nia"
"868","CR245191",1,"AmazÃ´nia"
"869","CR245192",1,"AmazÃ´nia"
"870","CR245193",1,"AmazÃ´nia"
"871","CR245194",1,"AmazÃ´nia"
"872","CR245195",1,"AmazÃ´nia"
"873","CR245196",1,"AmazÃ´nia"
"874","CR245197",1,"AmazÃ´nia"
"875","CR245198",1,"AmazÃ´nia"
"876","CR245199",1,"AmazÃ´nia"
"877","CR245200",1,"AmazÃ´nia"
"878","CR245201",1,"AmazÃ´nia"
"879","CR245202",1,"AmazÃ´nia"
"880","CR245203",1,"AmazÃ´nia"
"881","CR245204",1,"AmazÃ´nia"
"882","CR245205",1,"AmazÃ´nia"
"883","CR245206",1,"AmazÃ´nia"
"884","CR245207",3,"Cerrado"
"885","CR245208",3,"Cerrado"
"886","CR245209",3,"Cerrado"
"887","CR245210",1,"AmazÃ´nia"
"888","CR245211",1,"AmazÃ´nia"
"889","CR245212",1,"AmazÃ´nia"
"890","CR245213",6,"Pantanal"
"891","CR245214",6,"Pantanal"
"892","CR245215",6,"Pantanal"
"893","CR245216",6,"Pantanal"
"894","CR245217",6,"Pantanal"
"895","CR245218",6,"Pantanal"
"896","CR245219",6,"Pantanal"
"897","CR245220",6,"Pantanal"
"898","CR245221",6,"Pantanal"
"899","CR245222",6,"Pantanal"
"900","CR245223",6,"Pantanal"
"901","CR245224",6,"Pantanal"
"902","CR245225",6,"Pantanal"
"903","CR245241",5,"Pampa"
"904","CR246177",1,"AmazÃ´nia"
"905","CR246178",1,"AmazÃ´nia"
"906","CR246179",1,"AmazÃ´nia"
"907","CR246180",1,"AmazÃ´nia"
"908","CR246181",1,"AmazÃ´nia"
"909","CR246182",1,"AmazÃ´nia"
"910","CR246183",1,"AmazÃ´nia"
"911","CR246184",1,"AmazÃ´nia"
"912","CR246185",1,"AmazÃ´nia"
"913","CR246186",1,"AmazÃ´nia"
"914","CR246187",1,"AmazÃ´nia"
"915","CR246188",1,"AmazÃ´nia"
"916","CR246189",1,"AmazÃ´nia"
"917","CR246190",1,"AmazÃ´nia"
"918","CR246191",1,"AmazÃ´nia"
"919","CR246192",1,"AmazÃ´nia"
"920","CR246193",1,"AmazÃ´nia"
"921","CR246194",1,"AmazÃ´nia"
"922","CR246195",1,"AmazÃ´nia"
"923","CR246196",1,"AmazÃ´nia"
"924","CR246197",1,"AmazÃ´nia"
"925","CR246198",1,"AmazÃ´nia"
"926","CR246199",1,"AmazÃ´nia"
"927","CR246200",1,"AmazÃ´nia"
"928","CR246201",1,"AmazÃ´nia"
"929","CR246202",1,"AmazÃ´nia"
"930","CR246203",1,"AmazÃ´nia"
"931","CR246204",1,"AmazÃ´nia"
"932","CR246205",1,"AmazÃ´nia"
"933","CR246206",1,"AmazÃ´nia"
"934","CR246207",1,"AmazÃ´nia"
"935","CR246208",3,"Cerrado"
"936","CR246209",1,"AmazÃ´nia"
"937","CR246210",1,"AmazÃ´nia"
"938","CR246211",1,"AmazÃ´nia"
"939","CR246212",3,"Cerrado"
"940","CR246213",6,"Pantanal"
"941","CR246214",6,"Pantanal"
"942","CR246215",6,"Pantanal"
"943","CR246216",6,"Pantanal"
"944","CR246217",6,"Pantanal"
"945","CR246218",6,"Pantanal"
"946","CR246219",6,"Pantanal"
"947","CR246220",6,"Pantanal"
"948","CR246221",6,"Pantanal"
"949","CR246222",6,"Pantanal"
"950","CR246223",6,"Pantanal"
"951","CR246224",3,"Cerrado"
"952","CR246225",3,"Cerrado"
"953","CR246240",5,"Pampa"
"954","CR246241",5,"Pampa"
"955","CR247177",1,"AmazÃ´nia"
"956","CR247178",1,"AmazÃ´nia"
"957","CR247179",1,"AmazÃ´nia"
"958","CR247180",1,"AmazÃ´nia"
"959","CR247181",1,"AmazÃ´nia"
"960","CR247182",1,"AmazÃ´nia"
"961","CR247183",1,"AmazÃ´nia"
"962","CR247184",1,"AmazÃ´nia"
"963","CR247185",1,"AmazÃ´nia"
"964","CR247186",1,"AmazÃ´nia"
"965","CR247187",1,"AmazÃ´nia"
"966","CR247188",1,"AmazÃ´nia"
"967","CR247189",1,"AmazÃ´nia"
"968","CR247190",1,"AmazÃ´nia"
"969","CR247191",1,"AmazÃ´nia"
"970","CR247192",1,"AmazÃ´nia"
"971","CR247193",1,"AmazÃ´nia"
"972","CR247194",1,"AmazÃ´nia"
"973","CR247195",1,"AmazÃ´nia"
"974","CR247196",1,"AmazÃ´nia"
"975","CR247197",1,"AmazÃ´nia"
"976","CR247198",1,"AmazÃ´nia"
"977","CR247199",1,"AmazÃ´nia"
"978","CR247200",1,"AmazÃ´nia"
"979","CR247201",1,"AmazÃ´nia"
"980","CR247202",1,"AmazÃ´nia"
"981","CR247203",1,"AmazÃ´nia"
"982","CR247204",1,"AmazÃ´nia"
"983","CR247205",1,"AmazÃ´nia"
"984","CR247206",1,"AmazÃ´nia"
"985","CR247207",1,"AmazÃ´nia"
"986","CR247208",1,"AmazÃ´nia"
"987","CR247209",1,"AmazÃ´nia"
"988","CR247210",1,"AmazÃ´nia"
"989","CR247211",3,"Cerrado"
"990","CR247212",3,"Cerrado"
"991","CR247213",3,"Cerrado"
"992","CR247214",6,"Pantanal"
"993","CR247215",6,"Pantanal"
"994","CR247216",6,"Pantanal"
"995","CR247217",6,"Pantanal"
"996","CR247218",6,"Pantanal"
"997","CR247219",6,"Pantanal"
"998","CR247220",6,"Pantanal"
"999","CR247221",3,"Cerrado"
"1000","CR247222",3,"Cerrado"
"1001","CR247223",3,"Cerrado"
"1002","CR247224",3,"Cerrado"
"1003","CR247225",3,"Cerrado"
"1004","CR247239",5,"Pampa"
"1005","CR247240",5,"Pampa"
"1006","CR247241",5,"Pampa"
"1007","CR248176",1,"AmazÃ´nia"
"1008","CR248177",1,"AmazÃ´nia"
"1009","CR248178",1,"AmazÃ´nia"
"1010","CR248179",1,"AmazÃ´nia"
"1011","CR248180",1,"AmazÃ´nia"
"1012","CR248181",1,"AmazÃ´nia"
"1013","CR248182",1,"AmazÃ´nia"
"1014","CR248183",1,"AmazÃ´nia"
"1015","CR248184",1,"AmazÃ´nia"
"1016","CR248185",1,"AmazÃ´nia"
"1017","CR248186",1,"AmazÃ´nia"
"1018","CR248187",1,"AmazÃ´nia"
"1019","CR248188",1,"AmazÃ´nia"
"1020","CR248189",1,"AmazÃ´nia"
"1021","CR248190",1,"AmazÃ´nia"
"1022","CR248191",1,"AmazÃ´nia"
"1023","CR248192",1,"AmazÃ´nia"
"1024","CR248193",1,"AmazÃ´nia"
"1025","CR248194",1,"AmazÃ´nia"
"1026","CR248195",1,"AmazÃ´nia"
"1027","CR248196",1,"AmazÃ´nia"
"1028","CR248197",1,"AmazÃ´nia"
"1029","CR248198",1,"AmazÃ´nia"
"1030","CR248199",1,"AmazÃ´nia"
"1031","CR248200",1,"AmazÃ´nia"
"1032","CR248201",1,"AmazÃ´nia"
"1033","CR248202",1,"AmazÃ´nia"
"1034","CR248203",1,"AmazÃ´nia"
"1035","CR248204",1,"AmazÃ´nia"
"1036","CR248205",1,"AmazÃ´nia"
"1037","CR248206",3,"Cerrado"
"1038","CR248207",3,"Cerrado"
"1039","CR248208",1,"AmazÃ´nia"
"1040","CR248209",3,"Cerrado"
"1041","CR248210",3,"Cerrado"
"1042","CR248211",3,"Cerrado"
"1043","CR248212",3,"Cerrado"
"1044","CR248213",6,"Pantanal"
"1045","CR248214",6,"Pantanal"
"1046","CR248215",6,"Pantanal"
"1047","CR248216",6,"Pantanal"
"1048","CR248217",6,"Pantanal"
"1049","CR248218",6,"Pantanal"
"1050","CR248219",6,"Pantanal"
"1051","CR248220",6,"Pantanal"
"1052","CR248221",3,"Cerrado"
"1053","CR248222",3,"Cerrado"
"1054","CR248223",3,"Cerrado"
"1055","CR248224",3,"Cerrado"
"1056","CR248225",3,"Cerrado"
"1057","CR248238",5,"Pampa"
"1058","CR248239",5,"Pampa"
"1059","CR248240",5,"Pampa"
"1060","CR248241",5,"Pampa"
"1061","CR248242",5,"Pampa"
"1062","CR249176",1,"AmazÃ´nia"
"1063","CR249177",1,"AmazÃ´nia"
"1064","CR249178",1,"AmazÃ´nia"
"1065","CR249179",1,"AmazÃ´nia"
"1066","CR249180",1,"AmazÃ´nia"
"1067","CR249181",1,"AmazÃ´nia"
"1068","CR249182",1,"AmazÃ´nia"
"1069","CR249183",1,"AmazÃ´nia"
"1070","CR249184",1,"AmazÃ´nia"
"1071","CR249185",1,"AmazÃ´nia"
"1072","CR249186",1,"AmazÃ´nia"
"1073","CR249187",1,"AmazÃ´nia"
"1074","CR249188",1,"AmazÃ´nia"
"1075","CR249189",1,"AmazÃ´nia"
"1076","CR249190",1,"AmazÃ´nia"
"1077","CR249191",1,"AmazÃ´nia"
"1078","CR249192",1,"AmazÃ´nia"
"1079","CR249193",1,"AmazÃ´nia"
"1080","CR249194",1,"AmazÃ´nia"
"1081","CR249195",1,"AmazÃ´nia"
"1082","CR249196",1,"AmazÃ´nia"
"1083","CR249197",1,"AmazÃ´nia"
"1084","CR249198",1,"AmazÃ´nia"
"1085","CR249199",1,"AmazÃ´nia"
"1086","CR249200",1,"AmazÃ´nia"
"1087","CR249201",1,"AmazÃ´nia"
"1088","CR249202",1,"AmazÃ´nia"
"1089","CR249203",1,"AmazÃ´nia"
"1090","CR249204",1,"AmazÃ´nia"
"1091","CR249205",1,"AmazÃ´nia"
"1092","CR249206",3,"Cerrado"
"1093","CR249207",3,"Cerrado"
"1094","CR249208",3,"Cerrado"
"1095","CR249209",3,"Cerrado"
"1096","CR249210",3,"Cerrado"
"1097","CR249211",3,"Cerrado"
"1098","CR249212",3,"Cerrado"
"1099","CR249213",3,"Cerrado"
"1100","CR249214",6,"Pantanal"
"1101","CR249215",6,"Pantanal"
"1102","CR249216",6,"Pantanal"
"1103","CR249217",6,"Pantanal"
"1104","CR249218",6,"Pantanal"
"1105","CR249219",6,"Pantanal"
"1106","CR249220",6,"Pantanal"
"1107","CR249221",6,"Pantanal"
"1108","CR249222",3,"Cerrado"
"1109","CR249223",3,"Cerrado"
"1110","CR249224",3,"Cerrado"
"1111","CR249225",3,"Cerrado"
"1112","CR249226",3,"Cerrado"
"1113","CR249227",3,"Cerrado"
"1114","CR249237",5,"Pampa"
"1115","CR249238",5,"Pampa"
"1116","CR249239",5,"Pampa"
"1117","CR249240",5,"Pampa"
"1118","CR249241",5,"Pampa"
"1119","CR249242",5,"Pampa"
"1120","CR249243",5,"Pampa"
"1121","CR250175",1,"AmazÃ´nia"
"1122","CR250176",1,"AmazÃ´nia"
"1123","CR250177",1,"AmazÃ´nia"
"1124","CR250178",1,"AmazÃ´nia"
"1125","CR250179",1,"AmazÃ´nia"
"1126","CR250180",1,"AmazÃ´nia"
"1127","CR250181",1,"AmazÃ´nia"
"1128","CR250182",1,"AmazÃ´nia"
"1129","CR250183",1,"AmazÃ´nia"
"1130","CR250184",1,"AmazÃ´nia"
"1131","CR250185",1,"AmazÃ´nia"
"1132","CR250186",1,"AmazÃ´nia"
"1133","CR250187",1,"AmazÃ´nia"
"1134","CR250188",1,"AmazÃ´nia"
"1135","CR250189",1,"AmazÃ´nia"
"1136","CR250190",1,"AmazÃ´nia"
"1137","CR250191",1,"AmazÃ´nia"
"1138","CR250192",1,"AmazÃ´nia"
"1139","CR250193",1,"AmazÃ´nia"
"1140","CR250194",1,"AmazÃ´nia"
"1141","CR250195",1,"AmazÃ´nia"
"1142","CR250196",1,"AmazÃ´nia"
"1143","CR250197",1,"AmazÃ´nia"
"1144","CR250198",1,"AmazÃ´nia"
"1145","CR250199",1,"AmazÃ´nia"
"1146","CR250200",1,"AmazÃ´nia"
"1147","CR250201",1,"AmazÃ´nia"
"1148","CR250202",1,"AmazÃ´nia"
"1149","CR250203",1,"AmazÃ´nia"
"1150","CR250204",1,"AmazÃ´nia"
"1151","CR250205",1,"AmazÃ´nia"
"1152","CR250206",1,"AmazÃ´nia"
"1153","CR250207",3,"Cerrado"
"1154","CR250208",3,"Cerrado"
"1155","CR250209",3,"Cerrado"
"1156","CR250210",3,"Cerrado"
"1157","CR250211",3,"Cerrado"
"1158","CR250212",3,"Cerrado"
"1159","CR250213",3,"Cerrado"
"1160","CR250214",6,"Pantanal"
"1161","CR250215",6,"Pantanal"
"1162","CR250216",6,"Pantanal"
"1163","CR250217",6,"Pantanal"
"1164","CR250218",6,"Pantanal"
"1165","CR250219",6,"Pantanal"
"1166","CR250220",3,"Cerrado"
"1167","CR250221",3,"Cerrado"
"1168","CR250222",3,"Cerrado"
"1169","CR250223",3,"Cerrado"
"1170","CR250224",3,"Cerrado"
"1171","CR250225",3,"Cerrado"
"1172","CR250226",3,"Cerrado"
"1173","CR250227",3,"Cerrado"
"1174","CR250228",3,"Cerrado"
"1175","CR250236",4,"Mata AtlÃ¢ntica"
"1176","CR250237",5,"Pampa"
"1177","CR250238",5,"Pampa"
"1178","CR250239",5,"Pampa"
"1179","CR250240",5,"Pampa"
"1180","CR250241",5,"Pampa"
"1181","CR250242",5,"Pampa"
"1182","CR250243",5,"Pampa"
"1183","CR251176",1,"AmazÃ´nia"
"1184","CR251177",1,"AmazÃ´nia"
"1185","CR251178",1,"AmazÃ´nia"
"1186","CR251179",1,"AmazÃ´nia"
"1187","CR251180",1,"AmazÃ´nia"
"1188","CR251181",1,"AmazÃ´nia"
"1189","CR251182",1,"AmazÃ´nia"
"1190","CR251183",1,"AmazÃ´nia"
"1191","CR251184",1,"AmazÃ´nia"
"1192","CR251185",1,"AmazÃ´nia"
"1193","CR251186",1,"AmazÃ´nia"
"1194","CR251187",1,"AmazÃ´nia"
"1195","CR251188",1,"AmazÃ´nia"
"1196","CR251189",1,"AmazÃ´nia"
"1197","CR251190",1,"AmazÃ´nia"
"1198","CR251191",1,"AmazÃ´nia"
"1199","CR251192",1,"AmazÃ´nia"
"1200","CR251193",1,"AmazÃ´nia"
"1201","CR251194",1,"AmazÃ´nia"
"1202","CR251195",1,"AmazÃ´nia"
"1203","CR251196",1,"AmazÃ´nia"
"1204","CR251197",1,"AmazÃ´nia"
"1205","CR251198",1,"AmazÃ´nia"
"1206","CR251199",1,"AmazÃ´nia"
"1207","CR251200",1,"AmazÃ´nia"
"1208","CR251201",1,"AmazÃ´nia"
"1209","CR251202",1,"AmazÃ´nia"
"1210","CR251203",1,"AmazÃ´nia"
"1211","CR251204",1,"AmazÃ´nia"
"1212","CR251205",1,"AmazÃ´nia"
"1213","CR251206",1,"AmazÃ´nia"
"1214","CR251207",1,"AmazÃ´nia"
"1215","CR251208",3,"Cerrado"
"1216","CR251209",3,"Cerrado"
"1217","CR251210",3,"Cerrado"
"1218","CR251211",3,"Cerrado"
"1219","CR251212",3,"Cerrado"
"1220","CR251213",3,"Cerrado"
"1221","CR251214",3,"Cerrado"
"1222","CR251215",3,"Cerrado"
"1223","CR251216",3,"Cerrado"
"1224","CR251217",3,"Cerrado"
"1225","CR251218",3,"Cerrado"
"1226","CR251219",3,"Cerrado"
"1227","CR251220",3,"Cerrado"
"1228","CR251221",3,"Cerrado"
"1229","CR251222",3,"Cerrado"
"1230","CR251223",3,"Cerrado"
"1231","CR251224",3,"Cerrado"
"1232","CR251225",4,"Mata AtlÃ¢ntica"
"1233","CR251226",4,"Mata AtlÃ¢ntica"
"1234","CR251227",3,"Cerrado"
"1235","CR251228",4,"Mata AtlÃ¢ntica"
"1236","CR251231",4,"Mata AtlÃ¢ntica"
"1237","CR251232",4,"Mata AtlÃ¢ntica"
"1238","CR251236",4,"Mata AtlÃ¢ntica"
"1239","CR251237",5,"Pampa"
"1240","CR251238",5,"Pampa"
"1241","CR251239",4,"Mata AtlÃ¢ntica"
"1242","CR251240",5,"Pampa"
"1243","CR251241",5,"Pampa"
"1244","CR251242",5,"Pampa"
"1245","CR251243",5,"Pampa"
"1246","CR252176",1,"AmazÃ´nia"
"1247","CR252177",1,"AmazÃ´nia"
"1248","CR252178",1,"AmazÃ´nia"
"1249","CR252179",1,"AmazÃ´nia"
"1250","CR252180",1,"AmazÃ´nia"
"1251","CR252181",1,"AmazÃ´nia"
"1252","CR252182",1,"AmazÃ´nia"
"1253","CR252183",1,"AmazÃ´nia"
"1254","CR252184",1,"AmazÃ´nia"
"1255","CR252185",1,"AmazÃ´nia"
"1256","CR252186",1,"AmazÃ´nia"
"1257","CR252187",1,"AmazÃ´nia"
"1258","CR252188",1,"AmazÃ´nia"
"1259","CR252189",1,"AmazÃ´nia"
"1260","CR252190",1,"AmazÃ´nia"
"1261","CR252191",1,"AmazÃ´nia"
"1262","CR252192",1,"AmazÃ´nia"
"1263","CR252193",1,"AmazÃ´nia"
"1264","CR252194",1,"AmazÃ´nia"
"1265","CR252195",1,"AmazÃ´nia"
"1266","CR252196",1,"AmazÃ´nia"
"1267","CR252197",1,"AmazÃ´nia"
"1268","CR252198",1,"AmazÃ´nia"
"1269","CR252199",1,"AmazÃ´nia"
"1270","CR252200",1,"AmazÃ´nia"
"1271","CR252201",1,"AmazÃ´nia"
"1272","CR252202",1,"AmazÃ´nia"
"1273","CR252203",1,"AmazÃ´nia"
"1274","CR252204",1,"AmazÃ´nia"
"1275","CR252205",1,"AmazÃ´nia"
"1276","CR252206",1,"AmazÃ´nia"
"1277","CR252207",1,"AmazÃ´nia"
"1278","CR252208",3,"Cerrado"
"1279","CR252209",3,"Cerrado"
"1280","CR252210",3,"Cerrado"
"1281","CR252211",3,"Cerrado"
"1282","CR252212",3,"Cerrado"
"1283","CR252213",3,"Cerrado"
"1284","CR252214",3,"Cerrado"
"1285","CR252215",3,"Cerrado"
"1286","CR252216",3,"Cerrado"
"1287","CR252217",3,"Cerrado"
"1288","CR252218",3,"Cerrado"
"1289","CR252219",3,"Cerrado"
"1290","CR252220",3,"Cerrado"
"1291","CR252221",3,"Cerrado"
"1292","CR252222",3,"Cerrado"
"1293","CR252223",3,"Cerrado"
"1294","CR252224",4,"Mata AtlÃ¢ntica"
"1295","CR252225",4,"Mata AtlÃ¢ntica"
"1296","CR252226",4,"Mata AtlÃ¢ntica"
"1297","CR252227",4,"Mata AtlÃ¢ntica"
"1298","CR252228",4,"Mata AtlÃ¢ntica"
"1299","CR252229",4,"Mata AtlÃ¢ntica"
"1300","CR252230",4,"Mata AtlÃ¢ntica"
"1301","CR252231",4,"Mata AtlÃ¢ntica"
"1302","CR252232",4,"Mata AtlÃ¢ntica"
"1303","CR252235",4,"Mata AtlÃ¢ntica"
"1304","CR252236",5,"Pampa"
"1305","CR252237",5,"Pampa"
"1306","CR252238",5,"Pampa"
"1307","CR252239",5,"Pampa"
"1308","CR252240",5,"Pampa"
"1309","CR252241",5,"Pampa"
"1310","CR252242",5,"Pampa"
"1311","CR252243",5,"Pampa"
"1312","CR252244",5,"Pampa"
"1313","CR253176",1,"AmazÃ´nia"
"1314","CR253177",1,"AmazÃ´nia"
"1315","CR253178",1,"AmazÃ´nia"
"1316","CR253179",1,"AmazÃ´nia"
"1317","CR253180",1,"AmazÃ´nia"
"1318","CR253181",1,"AmazÃ´nia"
"1319","CR253182",1,"AmazÃ´nia"
"1320","CR253183",1,"AmazÃ´nia"
"1321","CR253184",1,"AmazÃ´nia"
"1322","CR253185",1,"AmazÃ´nia"
"1323","CR253186",1,"AmazÃ´nia"
"1324","CR253187",1,"AmazÃ´nia"
"1325","CR253188",1,"AmazÃ´nia"
"1326","CR253189",1,"AmazÃ´nia"
"1327","CR253190",1,"AmazÃ´nia"
"1328","CR253191",1,"AmazÃ´nia"
"1329","CR253192",1,"AmazÃ´nia"
"1330","CR253193",1,"AmazÃ´nia"
"1331","CR253194",1,"AmazÃ´nia"
"1332","CR253195",1,"AmazÃ´nia"
"1333","CR253196",1,"AmazÃ´nia"
"1334","CR253197",1,"AmazÃ´nia"
"1335","CR253198",1,"AmazÃ´nia"
"1336","CR253199",1,"AmazÃ´nia"
"1337","CR253200",1,"AmazÃ´nia"
"1338","CR253201",1,"AmazÃ´nia"
"1339","CR253202",1,"AmazÃ´nia"
"1340","CR253203",1,"AmazÃ´nia"
"1341","CR253204",1,"AmazÃ´nia"
"1342","CR253205",1,"AmazÃ´nia"
"1343","CR253206",1,"AmazÃ´nia"
"1344","CR253207",1,"AmazÃ´nia"
"1345","CR253208",3,"Cerrado"
"1346","CR253209",3,"Cerrado"
"1347","CR253210",3,"Cerrado"
"1348","CR253211",3,"Cerrado"
"1349","CR253212",3,"Cerrado"
"1350","CR253213",3,"Cerrado"
"1351","CR253214",3,"Cerrado"
"1352","CR253215",3,"Cerrado"
"1353","CR253216",3,"Cerrado"
"1354","CR253217",3,"Cerrado"
"1355","CR253218",3,"Cerrado"
"1356","CR253219",3,"Cerrado"
"1357","CR253220",3,"Cerrado"
"1358","CR253221",3,"Cerrado"
"1359","CR253222",3,"Cerrado"
"1360","CR253223",3,"Cerrado"
"1361","CR253224",3,"Cerrado"
"1362","CR253225",4,"Mata AtlÃ¢ntica"
"1363","CR253226",4,"Mata AtlÃ¢ntica"
"1364","CR253227",4,"Mata AtlÃ¢ntica"
"1365","CR253228",4,"Mata AtlÃ¢ntica"
"1366","CR253229",4,"Mata AtlÃ¢ntica"
"1367","CR253230",4,"Mata AtlÃ¢ntica"
"1368","CR253231",4,"Mata AtlÃ¢ntica"
"1369","CR253232",4,"Mata AtlÃ¢ntica"
"1370","CR253233",4,"Mata AtlÃ¢ntica"
"1371","CR253234",4,"Mata AtlÃ¢ntica"
"1372","CR253235",4,"Mata AtlÃ¢ntica"
"1373","CR253236",4,"Mata AtlÃ¢ntica"
"1374","CR253237",4,"Mata AtlÃ¢ntica"
"1375","CR253238",5,"Pampa"
"1376","CR253239",5,"Pampa"
"1377","CR253240",5,"Pampa"
"1378","CR253241",5,"Pampa"
"1379","CR253242",5,"Pampa"
"1380","CR253243",5,"Pampa"
"1381","CR253244",5,"Pampa"
"1382","CR253245",5,"Pampa"
"1383","CR254176",1,"AmazÃ´nia"
"1384","CR254177",1,"AmazÃ´nia"
"1385","CR254178",1,"AmazÃ´nia"
"1386","CR254179",1,"AmazÃ´nia"
"1387","CR254180",1,"AmazÃ´nia"
"1388","CR254181",1,"AmazÃ´nia"
"1389","CR254182",1,"AmazÃ´nia"
"1390","CR254183",1,"AmazÃ´nia"
"1391","CR254184",1,"AmazÃ´nia"
"1392","CR254185",1,"AmazÃ´nia"
"1393","CR254186",1,"AmazÃ´nia"
"1394","CR254187",1,"AmazÃ´nia"
"1395","CR254188",1,"AmazÃ´nia"
"1396","CR254189",1,"AmazÃ´nia"
"1397","CR254190",1,"AmazÃ´nia"
"1398","CR254191",1,"AmazÃ´nia"
"1399","CR254192",1,"AmazÃ´nia"
"1400","CR254193",1,"AmazÃ´nia"
"1401","CR254194",1,"AmazÃ´nia"
"1402","CR254195",1,"AmazÃ´nia"
"1403","CR254196",1,"AmazÃ´nia"
"1404","CR254197",1,"AmazÃ´nia"
"1405","CR254198",1,"AmazÃ´nia"
"1406","CR254199",1,"AmazÃ´nia"
"1407","CR254200",1,"AmazÃ´nia"
"1408","CR254201",1,"AmazÃ´nia"
"1409","CR254202",1,"AmazÃ´nia"
"1410","CR254203",1,"AmazÃ´nia"
"1411","CR254204",1,"AmazÃ´nia"
"1412","CR254205",1,"AmazÃ´nia"
"1413","CR254206",1,"AmazÃ´nia"
"1414","CR254207",1,"AmazÃ´nia"
"1415","CR254208",3,"Cerrado"
"1416","CR254209",3,"Cerrado"
"1417","CR254210",3,"Cerrado"
"1418","CR254211",3,"Cerrado"
"1419","CR254212",3,"Cerrado"
"1420","CR254213",3,"Cerrado"
"1421","CR254214",3,"Cerrado"
"1422","CR254215",3,"Cerrado"
"1423","CR254216",3,"Cerrado"
"1424","CR254217",3,"Cerrado"
"1425","CR254218",3,"Cerrado"
"1426","CR254219",3,"Cerrado"
"1427","CR254220",3,"Cerrado"
"1428","CR254221",3,"Cerrado"
"1429","CR254222",3,"Cerrado"
"1430","CR254223",3,"Cerrado"
"1431","CR254224",3,"Cerrado"
"1432","CR254225",4,"Mata AtlÃ¢ntica"
"1433","CR254226",4,"Mata AtlÃ¢ntica"
"1434","CR254227",4,"Mata AtlÃ¢ntica"
"1435","CR254228",4,"Mata AtlÃ¢ntica"
"1436","CR254229",4,"Mata AtlÃ¢ntica"
"1437","CR254230",4,"Mata AtlÃ¢ntica"
"1438","CR254231",4,"Mata AtlÃ¢ntica"
"1439","CR254232",4,"Mata AtlÃ¢ntica"
"1440","CR254233",4,"Mata AtlÃ¢ntica"
"1441","CR254234",4,"Mata AtlÃ¢ntica"
"1442","CR254235",4,"Mata AtlÃ¢ntica"
"1443","CR254236",4,"Mata AtlÃ¢ntica"
"1444","CR254237",5,"Pampa"
"1445","CR254238",5,"Pampa"
"1446","CR254239",4,"Mata AtlÃ¢ntica"
"1447","CR254240",4,"Mata AtlÃ¢ntica"
"1448","CR254241",5,"Pampa"
"1449","CR254242",5,"Pampa"
"1450","CR254243",5,"Pampa"
"1451","CR254244",5,"Pampa"
"1452","CR254245",5,"Pampa"
"1453","CR254246",5,"Pampa"
"1454","CR254247",5,"Pampa"
"1455","CR254248",5,"Pampa"
"1456","CR255175",NA,""
"1457","CR255176",1,"AmazÃ´nia"
"1458","CR255177",1,"AmazÃ´nia"
"1459","CR255178",1,"AmazÃ´nia"
"1460","CR255179",1,"AmazÃ´nia"
"1461","CR255180",1,"AmazÃ´nia"
"1462","CR255181",1,"AmazÃ´nia"
"1463","CR255182",1,"AmazÃ´nia"
"1464","CR255183",1,"AmazÃ´nia"
"1465","CR255184",1,"AmazÃ´nia"
"1466","CR255185",1,"AmazÃ´nia"
"1467","CR255186",1,"AmazÃ´nia"
"1468","CR255187",1,"AmazÃ´nia"
"1469","CR255188",1,"AmazÃ´nia"
"1470","CR255189",1,"AmazÃ´nia"
"1471","CR255190",1,"AmazÃ´nia"
"1472","CR255191",1,"AmazÃ´nia"
"1473","CR255192",1,"AmazÃ´nia"
"1474","CR255193",1,"AmazÃ´nia"
"1475","CR255194",1,"AmazÃ´nia"
"1476","CR255195",1,"AmazÃ´nia"
"1477","CR255196",1,"AmazÃ´nia"
"1478","CR255197",1,"AmazÃ´nia"
"1479","CR255198",1,"AmazÃ´nia"
"1480","CR255199",1,"AmazÃ´nia"
"1481","CR255200",1,"AmazÃ´nia"
"1482","CR255201",1,"AmazÃ´nia"
"1483","CR255202",1,"AmazÃ´nia"
"1484","CR255203",1,"AmazÃ´nia"
"1485","CR255204",1,"AmazÃ´nia"
"1486","CR255205",1,"AmazÃ´nia"
"1487","CR255206",1,"AmazÃ´nia"
"1488","CR255207",1,"AmazÃ´nia"
"1489","CR255208",3,"Cerrado"
"1490","CR255209",3,"Cerrado"
"1491","CR255210",3,"Cerrado"
"1492","CR255211",3,"Cerrado"
"1493","CR255212",3,"Cerrado"
"1494","CR255213",3,"Cerrado"
"1495","CR255214",3,"Cerrado"
"1496","CR255215",3,"Cerrado"
"1497","CR255216",3,"Cerrado"
"1498","CR255217",3,"Cerrado"
"1499","CR255218",3,"Cerrado"
"1500","CR255219",3,"Cerrado"
"1501","CR255220",3,"Cerrado"
"1502","CR255221",3,"Cerrado"
"1503","CR255222",3,"Cerrado"
"1504","CR255223",3,"Cerrado"
"1505","CR255224",3,"Cerrado"
"1506","CR255225",4,"Mata AtlÃ¢ntica"
"1507","CR255226",4,"Mata AtlÃ¢ntica"
"1508","CR255227",4,"Mata AtlÃ¢ntica"
"1509","CR255228",4,"Mata AtlÃ¢ntica"
"1510","CR255229",4,"Mata AtlÃ¢ntica"
"1511","CR255230",4,"Mata AtlÃ¢ntica"
"1512","CR255231",4,"Mata AtlÃ¢ntica"
"1513","CR255232",4,"Mata AtlÃ¢ntica"
"1514","CR255233",4,"Mata AtlÃ¢ntica"
"1515","CR255234",4,"Mata AtlÃ¢ntica"
"1516","CR255235",4,"Mata AtlÃ¢ntica"
"1517","CR255236",5,"Pampa"
"1518","CR255237",5,"Pampa"
"1519","CR255238",4,"Mata AtlÃ¢ntica"
"1520","CR255239",4,"Mata AtlÃ¢ntica"
"1521","CR255240",5,"Pampa"
"1522","CR255241",5,"Pampa"
"1523","CR255242",5,"Pampa"
"1524","CR255243",5,"Pampa"
"1525","CR255244",5,"Pampa"
"1526","CR255245",5,"Pampa"
"1527","CR255246",5,"Pampa"
"1528","CR255247",5,"Pampa"
"1529","CR256173",1,"AmazÃ´nia"
"1530","CR256174",1,"AmazÃ´nia"
"1531","CR256175",1,"AmazÃ´nia"
"1532","CR256176",1,"AmazÃ´nia"
"1533","CR256177",1,"AmazÃ´nia"
"1534","CR256178",1,"AmazÃ´nia"
"1535","CR256179",1,"AmazÃ´nia"
"1536","CR256180",1,"AmazÃ´nia"
"1537","CR256181",1,"AmazÃ´nia"
"1538","CR256182",1,"AmazÃ´nia"
"1539","CR256183",1,"AmazÃ´nia"
"1540","CR256184",1,"AmazÃ´nia"
"1541","CR256185",1,"AmazÃ´nia"
"1542","CR256186",1,"AmazÃ´nia"
"1543","CR256187",1,"AmazÃ´nia"
"1544","CR256188",1,"AmazÃ´nia"
"1545","CR256189",1,"AmazÃ´nia"
"1546","CR256190",1,"AmazÃ´nia"
"1547","CR256191",1,"AmazÃ´nia"
"1548","CR256192",1,"AmazÃ´nia"
"1549","CR256193",1,"AmazÃ´nia"
"1550","CR256194",1,"AmazÃ´nia"
"1551","CR256195",1,"AmazÃ´nia"
"1552","CR256196",1,"AmazÃ´nia"
"1553","CR256197",1,"AmazÃ´nia"
"1554","CR256198",1,"AmazÃ´nia"
"1555","CR256199",1,"AmazÃ´nia"
"1556","CR256200",1,"AmazÃ´nia"
"1557","CR256201",1,"AmazÃ´nia"
"1558","CR256202",1,"AmazÃ´nia"
"1559","CR256203",1,"AmazÃ´nia"
"1560","CR256204",1,"AmazÃ´nia"
"1561","CR256205",1,"AmazÃ´nia"
"1562","CR256206",1,"AmazÃ´nia"
"1563","CR256207",3,"Cerrado"
"1564","CR256208",3,"Cerrado"
"1565","CR256209",3,"Cerrado"
"1566","CR256210",3,"Cerrado"
"1567","CR256211",3,"Cerrado"
"1568","CR256212",3,"Cerrado"
"1569","CR256213",3,"Cerrado"
"1570","CR256214",3,"Cerrado"
"1571","CR256215",3,"Cerrado"
"1572","CR256216",3,"Cerrado"
"1573","CR256217",3,"Cerrado"
"1574","CR256218",3,"Cerrado"
"1575","CR256219",3,"Cerrado"
"1576","CR256220",3,"Cerrado"
"1577","CR256221",3,"Cerrado"
"1578","CR256222",3,"Cerrado"
"1579","CR256223",3,"Cerrado"
"1580","CR256224",4,"Mata AtlÃ¢ntica"
"1581","CR256225",4,"Mata AtlÃ¢ntica"
"1582","CR256226",4,"Mata AtlÃ¢ntica"
"1583","CR256227",4,"Mata AtlÃ¢ntica"
"1584","CR256228",4,"Mata AtlÃ¢ntica"
"1585","CR256229",4,"Mata AtlÃ¢ntica"
"1586","CR256230",4,"Mata AtlÃ¢ntica"
"1587","CR256231",4,"Mata AtlÃ¢ntica"
"1588","CR256232",4,"Mata AtlÃ¢ntica"
"1589","CR256233",4,"Mata AtlÃ¢ntica"
"1590","CR256234",4,"Mata AtlÃ¢ntica"
"1591","CR256235",4,"Mata AtlÃ¢ntica"
"1592","CR256236",4,"Mata AtlÃ¢ntica"
"1593","CR256237",5,"Pampa"
"1594","CR256238",4,"Mata AtlÃ¢ntica"
"1595","CR256239",4,"Mata AtlÃ¢ntica"
"1596","CR256240",5,"Pampa"
"1597","CR256241",5,"Pampa"
"1598","CR256242",5,"Pampa"
"1599","CR256243",5,"Pampa"
"1600","CR256244",5,"Pampa"
"1601","CR256245",5,"Pampa"
"1602","CR256246",5,"Pampa"
"1603","CR257172",1,"AmazÃ´nia"
"1604","CR257173",1,"AmazÃ´nia"
"1605","CR257174",1,"AmazÃ´nia"
"1606","CR257175",1,"AmazÃ´nia"
"1607","CR257176",1,"AmazÃ´nia"
"1608","CR257177",1,"AmazÃ´nia"
"1609","CR257178",1,"AmazÃ´nia"
"1610","CR257179",1,"AmazÃ´nia"
"1611","CR257180",1,"AmazÃ´nia"
"1612","CR257181",1,"AmazÃ´nia"
"1613","CR257182",1,"AmazÃ´nia"
"1614","CR257183",1,"AmazÃ´nia"
"1615","CR257184",1,"AmazÃ´nia"
"1616","CR257185",1,"AmazÃ´nia"
"1617","CR257186",1,"AmazÃ´nia"
"1618","CR257187",1,"AmazÃ´nia"
"1619","CR257188",1,"AmazÃ´nia"
"1620","CR257189",1,"AmazÃ´nia"
"1621","CR257190",1,"AmazÃ´nia"
"1622","CR257191",1,"AmazÃ´nia"
"1623","CR257192",1,"AmazÃ´nia"
"1624","CR257193",1,"AmazÃ´nia"
"1625","CR257194",1,"AmazÃ´nia"
"1626","CR257195",1,"AmazÃ´nia"
"1627","CR257196",1,"AmazÃ´nia"
"1628","CR257197",1,"AmazÃ´nia"
"1629","CR257198",1,"AmazÃ´nia"
"1630","CR257199",1,"AmazÃ´nia"
"1631","CR257200",1,"AmazÃ´nia"
"1632","CR257201",1,"AmazÃ´nia"
"1633","CR257202",3,"Cerrado"
"1634","CR257203",1,"AmazÃ´nia"
"1635","CR257204",1,"AmazÃ´nia"
"1636","CR257205",1,"AmazÃ´nia"
"1637","CR257206",3,"Cerrado"
"1638","CR257207",3,"Cerrado"
"1639","CR257208",3,"Cerrado"
"1640","CR257209",3,"Cerrado"
"1641","CR257210",3,"Cerrado"
"1642","CR257211",3,"Cerrado"
"1643","CR257212",3,"Cerrado"
"1644","CR257213",3,"Cerrado"
"1645","CR257214",3,"Cerrado"
"1646","CR257215",3,"Cerrado"
"1647","CR257216",3,"Cerrado"
"1648","CR257217",3,"Cerrado"
"1649","CR257218",3,"Cerrado"
"1650","CR257219",3,"Cerrado"
"1651","CR257220",3,"Cerrado"
"1652","CR257221",3,"Cerrado"
"1653","CR257222",3,"Cerrado"
"1654","CR257223",4,"Mata AtlÃ¢ntica"
"1655","CR257224",4,"Mata AtlÃ¢ntica"
"1656","CR257225",3,"Cerrado"
"1657","CR257226",4,"Mata AtlÃ¢ntica"
"1658","CR257227",4,"Mata AtlÃ¢ntica"
"1659","CR257228",4,"Mata AtlÃ¢ntica"
"1660","CR257229",4,"Mata AtlÃ¢ntica"
"1661","CR257230",4,"Mata AtlÃ¢ntica"
"1662","CR257231",4,"Mata AtlÃ¢ntica"
"1663","CR257232",4,"Mata AtlÃ¢ntica"
"1664","CR257233",4,"Mata AtlÃ¢ntica"
"1665","CR257234",4,"Mata AtlÃ¢ntica"
"1666","CR257235",4,"Mata AtlÃ¢ntica"
"1667","CR257236",4,"Mata AtlÃ¢ntica"
"1668","CR257237",4,"Mata AtlÃ¢ntica"
"1669","CR257238",4,"Mata AtlÃ¢ntica"
"1670","CR257239",4,"Mata AtlÃ¢ntica"
"1671","CR257240",5,"Pampa"
"1672","CR257241",5,"Pampa"
"1673","CR257242",5,"Pampa"
"1674","CR257243",5,"Pampa"
"1675","CR257244",5,"Pampa"
"1676","CR258172",1,"AmazÃ´nia"
"1677","CR258173",1,"AmazÃ´nia"
"1678","CR258174",1,"AmazÃ´nia"
"1679","CR258175",1,"AmazÃ´nia"
"1680","CR258176",1,"AmazÃ´nia"
"1681","CR258177",1,"AmazÃ´nia"
"1682","CR258178",1,"AmazÃ´nia"
"1683","CR258179",1,"AmazÃ´nia"
"1684","CR258180",1,"AmazÃ´nia"
"1685","CR258181",1,"AmazÃ´nia"
"1686","CR258182",1,"AmazÃ´nia"
"1687","CR258183",1,"AmazÃ´nia"
"1688","CR258184",1,"AmazÃ´nia"
"1689","CR258185",1,"AmazÃ´nia"
"1690","CR258186",1,"AmazÃ´nia"
"1691","CR258187",1,"AmazÃ´nia"
"1692","CR258188",1,"AmazÃ´nia"
"1693","CR258189",1,"AmazÃ´nia"
"1694","CR258190",1,"AmazÃ´nia"
"1695","CR258191",1,"AmazÃ´nia"
"1696","CR258192",1,"AmazÃ´nia"
"1697","CR258193",1,"AmazÃ´nia"
"1698","CR258194",1,"AmazÃ´nia"
"1699","CR258195",1,"AmazÃ´nia"
"1700","CR258196",1,"AmazÃ´nia"
"1701","CR258197",1,"AmazÃ´nia"
"1702","CR258198",1,"AmazÃ´nia"
"1703","CR258199",1,"AmazÃ´nia"
"1704","CR258200",1,"AmazÃ´nia"
"1705","CR258201",1,"AmazÃ´nia"
"1706","CR258202",1,"AmazÃ´nia"
"1707","CR258203",3,"Cerrado"
"1708","CR258204",3,"Cerrado"
"1709","CR258205",3,"Cerrado"
"1710","CR258206",3,"Cerrado"
"1711","CR258207",3,"Cerrado"
"1712","CR258208",3,"Cerrado"
"1713","CR258209",3,"Cerrado"
"1714","CR258210",3,"Cerrado"
"1715","CR258211",3,"Cerrado"
"1716","CR258212",3,"Cerrado"
"1717","CR258213",3,"Cerrado"
"1718","CR258214",3,"Cerrado"
"1719","CR258215",3,"Cerrado"
"1720","CR258216",3,"Cerrado"
"1721","CR258217",3,"Cerrado"
"1722","CR258218",3,"Cerrado"
"1723","CR258219",3,"Cerrado"
"1724","CR258220",3,"Cerrado"
"1725","CR258221",3,"Cerrado"
"1726","CR258222",4,"Mata AtlÃ¢ntica"
"1727","CR258223",4,"Mata AtlÃ¢ntica"
"1728","CR258224",4,"Mata AtlÃ¢ntica"
"1729","CR258225",4,"Mata AtlÃ¢ntica"
"1730","CR258226",4,"Mata AtlÃ¢ntica"
"1731","CR258227",4,"Mata AtlÃ¢ntica"
"1732","CR258228",4,"Mata AtlÃ¢ntica"
"1733","CR258229",4,"Mata AtlÃ¢ntica"
"1734","CR258230",4,"Mata AtlÃ¢ntica"
"1735","CR258231",4,"Mata AtlÃ¢ntica"
"1736","CR258232",4,"Mata AtlÃ¢ntica"
"1737","CR258233",4,"Mata AtlÃ¢ntica"
"1738","CR258234",4,"Mata AtlÃ¢ntica"
"1739","CR258235",4,"Mata AtlÃ¢ntica"
"1740","CR258236",4,"Mata AtlÃ¢ntica"
"1741","CR258237",4,"Mata AtlÃ¢ntica"
"1742","CR258238",4,"Mata AtlÃ¢ntica"
"1743","CR258239",4,"Mata AtlÃ¢ntica"
"1744","CR258240",4,"Mata AtlÃ¢ntica"
"1745","CR258241",5,"Pampa"
"1746","CR258242",5,"Pampa"
"1747","CR258243",5,"Pampa"
"1748","CR258244",5,"Pampa"
"1749","CR259175",1,"AmazÃ´nia"
"1750","CR259176",1,"AmazÃ´nia"
"1751","CR259177",1,"AmazÃ´nia"
"1752","CR259178",1,"AmazÃ´nia"
"1753","CR259179",1,"AmazÃ´nia"
"1754","CR259180",1,"AmazÃ´nia"
"1755","CR259181",1,"AmazÃ´nia"
"1756","CR259182",1,"AmazÃ´nia"
"1757","CR259183",1,"AmazÃ´nia"
"1758","CR259184",1,"AmazÃ´nia"
"1759","CR259185",1,"AmazÃ´nia"
"1760","CR259186",1,"AmazÃ´nia"
"1761","CR259187",1,"AmazÃ´nia"
"1762","CR259188",1,"AmazÃ´nia"
"1763","CR259189",1,"AmazÃ´nia"
"1764","CR259190",1,"AmazÃ´nia"
"1765","CR259191",1,"AmazÃ´nia"
"1766","CR259192",1,"AmazÃ´nia"
"1767","CR259193",1,"AmazÃ´nia"
"1768","CR259194",1,"AmazÃ´nia"
"1769","CR259195",1,"AmazÃ´nia"
"1770","CR259196",1,"AmazÃ´nia"
"1771","CR259197",1,"AmazÃ´nia"
"1772","CR259198",1,"AmazÃ´nia"
"1773","CR259199",1,"AmazÃ´nia"
"1774","CR259200",1,"AmazÃ´nia"
"1775","CR259201",1,"AmazÃ´nia"
"1776","CR259202",3,"Cerrado"
"1777","CR259203",3,"Cerrado"
"1778","CR259204",3,"Cerrado"
"1779","CR259205",3,"Cerrado"
"1780","CR259206",3,"Cerrado"
"1781","CR259207",3,"Cerrado"
"1782","CR259208",3,"Cerrado"
"1783","CR259209",3,"Cerrado"
"1784","CR259210",3,"Cerrado"
"1785","CR259211",3,"Cerrado"
"1786","CR259212",3,"Cerrado"
"1787","CR259213",3,"Cerrado"
"1788","CR259214",3,"Cerrado"
"1789","CR259215",3,"Cerrado"
"1790","CR259216",3,"Cerrado"
"1791","CR259217",3,"Cerrado"
"1792","CR259218",3,"Cerrado"
"1793","CR259219",4,"Mata AtlÃ¢ntica"
"1794","CR259220",3,"Cerrado"
"1795","CR259221",4,"Mata AtlÃ¢ntica"
"1796","CR259222",4,"Mata AtlÃ¢ntica"
"1797","CR259223",4,"Mata AtlÃ¢ntica"
"1798","CR259224",4,"Mata AtlÃ¢ntica"
"1799","CR259225",4,"Mata AtlÃ¢ntica"
"1800","CR259226",4,"Mata AtlÃ¢ntica"
"1801","CR259227",4,"Mata AtlÃ¢ntica"
"1802","CR259228",4,"Mata AtlÃ¢ntica"
"1803","CR259229",4,"Mata AtlÃ¢ntica"
"1804","CR259230",4,"Mata AtlÃ¢ntica"
"1805","CR259231",4,"Mata AtlÃ¢ntica"
"1806","CR259232",4,"Mata AtlÃ¢ntica"
"1807","CR259233",4,"Mata AtlÃ¢ntica"
"1808","CR259234",4,"Mata AtlÃ¢ntica"
"1809","CR259235",4,"Mata AtlÃ¢ntica"
"1810","CR259236",4,"Mata AtlÃ¢ntica"
"1811","CR259237",4,"Mata AtlÃ¢ntica"
"1812","CR259238",4,"Mata AtlÃ¢ntica"
"1813","CR259239",4,"Mata AtlÃ¢ntica"
"1814","CR259240",4,"Mata AtlÃ¢ntica"
"1815","CR259241",5,"Pampa"
"1816","CR259242",5,"Pampa"
"1817","CR259243",5,"Pampa"
"1818","CR260176",1,"AmazÃ´nia"
"1819","CR260177",1,"AmazÃ´nia"
"1820","CR260178",1,"AmazÃ´nia"
"1821","CR260179",1,"AmazÃ´nia"
"1822","CR260180",1,"AmazÃ´nia"
"1823","CR260181",1,"AmazÃ´nia"
"1824","CR260182",1,"AmazÃ´nia"
"1825","CR260183",1,"AmazÃ´nia"
"1826","CR260184",1,"AmazÃ´nia"
"1827","CR260185",1,"AmazÃ´nia"
"1828","CR260186",1,"AmazÃ´nia"
"1829","CR260187",1,"AmazÃ´nia"
"1830","CR260188",1,"AmazÃ´nia"
"1831","CR260189",1,"AmazÃ´nia"
"1832","CR260190",1,"AmazÃ´nia"
"1833","CR260191",1,"AmazÃ´nia"
"1834","CR260192",1,"AmazÃ´nia"
"1835","CR260193",1,"AmazÃ´nia"
"1836","CR260194",1,"AmazÃ´nia"
"1837","CR260195",1,"AmazÃ´nia"
"1838","CR260196",1,"AmazÃ´nia"
"1839","CR260197",1,"AmazÃ´nia"
"1840","CR260198",1,"AmazÃ´nia"
"1841","CR260199",1,"AmazÃ´nia"
"1842","CR260200",1,"AmazÃ´nia"
"1843","CR260201",3,"Cerrado"
"1844","CR260202",3,"Cerrado"
"1845","CR260203",3,"Cerrado"
"1846","CR260204",3,"Cerrado"
"1847","CR260205",3,"Cerrado"
"1848","CR260206",3,"Cerrado"
"1849","CR260207",3,"Cerrado"
"1850","CR260208",3,"Cerrado"
"1851","CR260209",3,"Cerrado"
"1852","CR260210",3,"Cerrado"
"1853","CR260211",3,"Cerrado"
"1854","CR260212",3,"Cerrado"
"1855","CR260213",3,"Cerrado"
"1856","CR260214",3,"Cerrado"
"1857","CR260215",3,"Cerrado"
"1858","CR260216",3,"Cerrado"
"1859","CR260217",3,"Cerrado"
"1860","CR260218",3,"Cerrado"
"1861","CR260219",3,"Cerrado"
"1862","CR260220",3,"Cerrado"
"1863","CR260221",4,"Mata AtlÃ¢ntica"
"1864","CR260222",4,"Mata AtlÃ¢ntica"
"1865","CR260223",4,"Mata AtlÃ¢ntica"
"1866","CR260224",4,"Mata AtlÃ¢ntica"
"1867","CR260225",4,"Mata AtlÃ¢ntica"
"1868","CR260226",4,"Mata AtlÃ¢ntica"
"1869","CR260227",4,"Mata AtlÃ¢ntica"
"1870","CR260228",4,"Mata AtlÃ¢ntica"
"1871","CR260229",4,"Mata AtlÃ¢ntica"
"1872","CR260230",4,"Mata AtlÃ¢ntica"
"1873","CR260231",4,"Mata AtlÃ¢ntica"
"1874","CR260232",4,"Mata AtlÃ¢ntica"
"1875","CR260233",4,"Mata AtlÃ¢ntica"
"1876","CR260234",4,"Mata AtlÃ¢ntica"
"1877","CR260235",4,"Mata AtlÃ¢ntica"
"1878","CR260236",4,"Mata AtlÃ¢ntica"
"1879","CR260237",4,"Mata AtlÃ¢ntica"
"1880","CR260238",4,"Mata AtlÃ¢ntica"
"1881","CR260239",4,"Mata AtlÃ¢ntica"
"1882","CR260240",4,"Mata AtlÃ¢ntica"
"1883","CR260241",5,"Pampa"
"1884","CR260242",5,"Pampa"
"1885","CR261178",1,"AmazÃ´nia"
"1886","CR261180",1,"AmazÃ´nia"
"1887","CR261181",1,"AmazÃ´nia"
"1888","CR261182",1,"AmazÃ´nia"
"1889","CR261183",1,"AmazÃ´nia"
"1890","CR261184",1,"AmazÃ´nia"
"1891","CR261185",1,"AmazÃ´nia"
"1892","CR261186",1,"AmazÃ´nia"
"1893","CR261187",1,"AmazÃ´nia"
"1894","CR261188",1,"AmazÃ´nia"
"1895","CR261189",1,"AmazÃ´nia"
"1896","CR261190",1,"AmazÃ´nia"
"1897","CR261191",1,"AmazÃ´nia"
"1898","CR261192",1,"AmazÃ´nia"
"1899","CR261193",1,"AmazÃ´nia"
"1900","CR261194",1,"AmazÃ´nia"
"1901","CR261195",1,"AmazÃ´nia"
"1902","CR261196",3,"Cerrado"
"1903","CR261197",3,"Cerrado"
"1904","CR261198",3,"Cerrado"
"1905","CR261199",3,"Cerrado"
"1906","CR261200",3,"Cerrado"
"1907","CR261201",3,"Cerrado"
"1908","CR261202",3,"Cerrado"
"1909","CR261203",3,"Cerrado"
"1910","CR261204",3,"Cerrado"
"1911","CR261205",3,"Cerrado"
"1912","CR261206",3,"Cerrado"
"1913","CR261207",3,"Cerrado"
"1914","CR261208",3,"Cerrado"
"1915","CR261209",3,"Cerrado"
"1916","CR261210",3,"Cerrado"
"1917","CR261211",3,"Cerrado"
"1918","CR261212",3,"Cerrado"
"1919","CR261213",3,"Cerrado"
"1920","CR261214",3,"Cerrado"
"1921","CR261215",3,"Cerrado"
"1922","CR261216",3,"Cerrado"
"1923","CR261217",3,"Cerrado"
"1924","CR261218",4,"Mata AtlÃ¢ntica"
"1925","CR261219",3,"Cerrado"
"1926","CR261220",3,"Cerrado"
"1927","CR261221",4,"Mata AtlÃ¢ntica"
"1928","CR261222",4,"Mata AtlÃ¢ntica"
"1929","CR261223",4,"Mata AtlÃ¢ntica"
"1930","CR261224",4,"Mata AtlÃ¢ntica"
"1931","CR261225",4,"Mata AtlÃ¢ntica"
"1932","CR261226",4,"Mata AtlÃ¢ntica"
"1933","CR261227",4,"Mata AtlÃ¢ntica"
"1934","CR261228",4,"Mata AtlÃ¢ntica"
"1935","CR261229",3,"Cerrado"
"1936","CR261230",4,"Mata AtlÃ¢ntica"
"1937","CR261231",4,"Mata AtlÃ¢ntica"
"1938","CR261232",4,"Mata AtlÃ¢ntica"
"1939","CR261233",4,"Mata AtlÃ¢ntica"
"1940","CR261234",4,"Mata AtlÃ¢ntica"
"1941","CR261235",4,"Mata AtlÃ¢ntica"
"1942","CR261236",4,"Mata AtlÃ¢ntica"
"1943","CR261237",4,"Mata AtlÃ¢ntica"
"1944","CR261238",4,"Mata AtlÃ¢ntica"
"1945","CR261239",4,"Mata AtlÃ¢ntica"
"1946","CR261240",4,"Mata AtlÃ¢ntica"
"1947","CR262181",1,"AmazÃ´nia"
"1948","CR262182",1,"AmazÃ´nia"
"1949","CR262183",1,"AmazÃ´nia"
"1950","CR262184",1,"AmazÃ´nia"
"1951","CR262185",1,"AmazÃ´nia"
"1952","CR262186",1,"AmazÃ´nia"
"1953","CR262187",1,"AmazÃ´nia"
"1954","CR262188",1,"AmazÃ´nia"
"1955","CR262189",1,"AmazÃ´nia"
"1956","CR262190",1,"AmazÃ´nia"
"1957","CR262191",1,"AmazÃ´nia"
"1958","CR262192",1,"AmazÃ´nia"
"1959","CR262193",1,"AmazÃ´nia"
"1960","CR262194",1,"AmazÃ´nia"
"1961","CR262195",1,"AmazÃ´nia"
"1962","CR262196",1,"AmazÃ´nia"
"1963","CR262197",3,"Cerrado"
"1964","CR262198",3,"Cerrado"
"1965","CR262199",3,"Cerrado"
"1966","CR262200",3,"Cerrado"
"1967","CR262201",3,"Cerrado"
"1968","CR262202",3,"Cerrado"
"1969","CR262203",3,"Cerrado"
"1970","CR262204",3,"Cerrado"
"1971","CR262205",3,"Cerrado"
"1972","CR262206",3,"Cerrado"
"1973","CR262207",3,"Cerrado"
"1974","CR262208",3,"Cerrado"
"1975","CR262209",3,"Cerrado"
"1976","CR262210",3,"Cerrado"
"1977","CR262211",3,"Cerrado"
"1978","CR262212",3,"Cerrado"
"1979","CR262213",3,"Cerrado"
"1980","CR262214",3,"Cerrado"
"1981","CR262215",3,"Cerrado"
"1982","CR262216",3,"Cerrado"
"1983","CR262217",3,"Cerrado"
"1984","CR262218",4,"Mata AtlÃ¢ntica"
"1985","CR262219",3,"Cerrado"
"1986","CR262220",3,"Cerrado"
"1987","CR262221",3,"Cerrado"
"1988","CR262222",4,"Mata AtlÃ¢ntica"
"1989","CR262223",4,"Mata AtlÃ¢ntica"
"1990","CR262224",4,"Mata AtlÃ¢ntica"
"1991","CR262225",4,"Mata AtlÃ¢ntica"
"1992","CR262226",3,"Cerrado"
"1993","CR262227",3,"Cerrado"
"1994","CR262228",4,"Mata AtlÃ¢ntica"
"1995","CR262229",3,"Cerrado"
"1996","CR262230",4,"Mata AtlÃ¢ntica"
"1997","CR262231",4,"Mata AtlÃ¢ntica"
"1998","CR262232",4,"Mata AtlÃ¢ntica"
"1999","CR262233",4,"Mata AtlÃ¢ntica"
"2000","CR262234",4,"Mata AtlÃ¢ntica"
"2001","CR262235",4,"Mata AtlÃ¢ntica"
"2002","CR262236",4,"Mata AtlÃ¢ntica"
"2003","CR262237",4,"Mata AtlÃ¢ntica"
"2004","CR262238",4,"Mata AtlÃ¢ntica"
"2005","CR263181",1,"AmazÃ´nia"
"2006","CR263182",1,"AmazÃ´nia"
"2007","CR263183",1,"AmazÃ´nia"
"2008","CR263184",1,"AmazÃ´nia"
"2009","CR263185",1,"AmazÃ´nia"
"2010","CR263186",1,"AmazÃ´nia"
"2011","CR263187",1,"AmazÃ´nia"
"2012","CR263188",1,"AmazÃ´nia"
"2013","CR263189",1,"AmazÃ´nia"
"2014","CR263190",1,"AmazÃ´nia"
"2015","CR263191",1,"AmazÃ´nia"
"2016","CR263192",1,"AmazÃ´nia"
"2017","CR263193",1,"AmazÃ´nia"
"2018","CR263194",1,"AmazÃ´nia"
"2019","CR263195",1,"AmazÃ´nia"
"2020","CR263196",1,"AmazÃ´nia"
"2021","CR263197",1,"AmazÃ´nia"
"2022","CR263198",3,"Cerrado"
"2023","CR263199",3,"Cerrado"
"2024","CR263200",3,"Cerrado"
"2025","CR263201",3,"Cerrado"
"2026","CR263202",3,"Cerrado"
"2027","CR263203",3,"Cerrado"
"2028","CR263204",3,"Cerrado"
"2029","CR263205",3,"Cerrado"
"2030","CR263206",3,"Cerrado"
"2031","CR263207",3,"Cerrado"
"2032","CR263208",3,"Cerrado"
"2033","CR263209",3,"Cerrado"
"2034","CR263210",3,"Cerrado"
"2035","CR263211",3,"Cerrado"
"2036","CR263212",3,"Cerrado"
"2037","CR263213",3,"Cerrado"
"2038","CR263214",3,"Cerrado"
"2039","CR263215",3,"Cerrado"
"2040","CR263216",3,"Cerrado"
"2041","CR263217",4,"Mata AtlÃ¢ntica"
"2042","CR263218",3,"Cerrado"
"2043","CR263219",3,"Cerrado"
"2044","CR263220",4,"Mata AtlÃ¢ntica"
"2045","CR263221",3,"Cerrado"
"2046","CR263222",4,"Mata AtlÃ¢ntica"
"2047","CR263223",4,"Mata AtlÃ¢ntica"
"2048","CR263224",4,"Mata AtlÃ¢ntica"
"2049","CR263225",4,"Mata AtlÃ¢ntica"
"2050","CR263226",3,"Cerrado"
"2051","CR263227",3,"Cerrado"
"2052","CR263228",4,"Mata AtlÃ¢ntica"
"2053","CR263229",4,"Mata AtlÃ¢ntica"
"2054","CR263230",4,"Mata AtlÃ¢ntica"
"2055","CR263231",4,"Mata AtlÃ¢ntica"
"2056","CR263232",4,"Mata AtlÃ¢ntica"
"2057","CR263233",4,"Mata AtlÃ¢ntica"
"2058","CR263234",4,"Mata AtlÃ¢ntica"
"2059","CR263235",4,"Mata AtlÃ¢ntica"
"2060","CR263236",4,"Mata AtlÃ¢ntica"
"2061","CR263237",4,"Mata AtlÃ¢ntica"
"2062","CR263238",4,"Mata AtlÃ¢ntica"
"2063","CR264181",1,"AmazÃ´nia"
"2064","CR264182",1,"AmazÃ´nia"
"2065","CR264183",1,"AmazÃ´nia"
"2066","CR264184",1,"AmazÃ´nia"
"2067","CR264185",1,"AmazÃ´nia"
"2068","CR264186",1,"AmazÃ´nia"
"2069","CR264187",1,"AmazÃ´nia"
"2070","CR264188",1,"AmazÃ´nia"
"2071","CR264189",1,"AmazÃ´nia"
"2072","CR264190",1,"AmazÃ´nia"
"2073","CR264191",1,"AmazÃ´nia"
"2074","CR264192",1,"AmazÃ´nia"
"2075","CR264193",1,"AmazÃ´nia"
"2076","CR264194",1,"AmazÃ´nia"
"2077","CR264195",3,"Cerrado"
"2078","CR264196",3,"Cerrado"
"2079","CR264197",3,"Cerrado"
"2080","CR264198",3,"Cerrado"
"2081","CR264199",3,"Cerrado"
"2082","CR264200",3,"Cerrado"
"2083","CR264201",3,"Cerrado"
"2084","CR264202",3,"Cerrado"
"2085","CR264203",3,"Cerrado"
"2086","CR264204",3,"Cerrado"
"2087","CR264205",3,"Cerrado"
"2088","CR264206",3,"Cerrado"
"2089","CR264207",3,"Cerrado"
"2090","CR264208",3,"Cerrado"
"2091","CR264209",3,"Cerrado"
"2092","CR264210",3,"Cerrado"
"2093","CR264211",3,"Cerrado"
"2094","CR264212",3,"Cerrado"
"2095","CR264213",3,"Cerrado"
"2096","CR264214",3,"Cerrado"
"2097","CR264215",3,"Cerrado"
"2098","CR264216",3,"Cerrado"
"2099","CR264217",3,"Cerrado"
"2100","CR264218",4,"Mata AtlÃ¢ntica"
"2101","CR264219",3,"Cerrado"
"2102","CR264220",3,"Cerrado"
"2103","CR264221",4,"Mata AtlÃ¢ntica"
"2104","CR264222",4,"Mata AtlÃ¢ntica"
"2105","CR264223",4,"Mata AtlÃ¢ntica"
"2106","CR264224",3,"Cerrado"
"2107","CR264225",3,"Cerrado"
"2108","CR264226",4,"Mata AtlÃ¢ntica"
"2109","CR264227",3,"Cerrado"
"2110","CR264228",4,"Mata AtlÃ¢ntica"
"2111","CR264229",4,"Mata AtlÃ¢ntica"
"2112","CR264230",4,"Mata AtlÃ¢ntica"
"2113","CR264231",4,"Mata AtlÃ¢ntica"
"2114","CR264232",4,"Mata AtlÃ¢ntica"
"2115","CR264235",4,"Mata AtlÃ¢ntica"
"2116","CR264236",4,"Mata AtlÃ¢ntica"
"2117","CR265182",1,"AmazÃ´nia"
"2118","CR265183",1,"AmazÃ´nia"
"2119","CR265184",1,"AmazÃ´nia"
"2120","CR265185",1,"AmazÃ´nia"
"2121","CR265186",1,"AmazÃ´nia"
"2122","CR265187",1,"AmazÃ´nia"
"2123","CR265188",1,"AmazÃ´nia"
"2124","CR265189",1,"AmazÃ´nia"
"2125","CR265190",1,"AmazÃ´nia"
"2126","CR265191",1,"AmazÃ´nia"
"2127","CR265192",3,"Cerrado"
"2128","CR265193",3,"Cerrado"
"2129","CR265194",3,"Cerrado"
"2130","CR265195",3,"Cerrado"
"2131","CR265196",3,"Cerrado"
"2132","CR265197",3,"Cerrado"
"2133","CR265198",3,"Cerrado"
"2134","CR265199",3,"Cerrado"
"2135","CR265200",3,"Cerrado"
"2136","CR265201",3,"Cerrado"
"2137","CR265202",3,"Cerrado"
"2138","CR265203",3,"Cerrado"
"2139","CR265204",3,"Cerrado"
"2140","CR265205",3,"Cerrado"
"2141","CR265206",3,"Cerrado"
"2142","CR265207",3,"Cerrado"
"2143","CR265208",3,"Cerrado"
"2144","CR265209",3,"Cerrado"
"2145","CR265210",3,"Cerrado"
"2146","CR265211",3,"Cerrado"
"2147","CR265212",3,"Cerrado"
"2148","CR265213",3,"Cerrado"
"2149","CR265214",3,"Cerrado"
"2150","CR265215",3,"Cerrado"
"2151","CR265216",3,"Cerrado"
"2152","CR265217",3,"Cerrado"
"2153","CR265218",3,"Cerrado"
"2154","CR265219",3,"Cerrado"
"2155","CR265220",4,"Mata AtlÃ¢ntica"
"2156","CR265221",4,"Mata AtlÃ¢ntica"
"2157","CR265222",3,"Cerrado"
"2158","CR265223",4,"Mata AtlÃ¢ntica"
"2159","CR265224",4,"Mata AtlÃ¢ntica"
"2160","CR265225",3,"Cerrado"
"2161","CR265226",4,"Mata AtlÃ¢ntica"
"2162","CR265227",4,"Mata AtlÃ¢ntica"
"2163","CR265228",4,"Mata AtlÃ¢ntica"
"2164","CR265229",4,"Mata AtlÃ¢ntica"
"2165","CR265230",4,"Mata AtlÃ¢ntica"
"2166","CR265231",4,"Mata AtlÃ¢ntica"
"2167","CR266182",1,"AmazÃ´nia"
"2168","CR266183",1,"AmazÃ´nia"
"2169","CR266184",1,"AmazÃ´nia"
"2170","CR266185",1,"AmazÃ´nia"
"2171","CR266186",1,"AmazÃ´nia"
"2172","CR266187",1,"AmazÃ´nia"
"2173","CR266188",1,"AmazÃ´nia"
"2174","CR266189",1,"AmazÃ´nia"
"2175","CR266190",1,"AmazÃ´nia"
"2176","CR266191",1,"AmazÃ´nia"
"2177","CR266192",3,"Cerrado"
"2178","CR266193",3,"Cerrado"
"2179","CR266194",3,"Cerrado"
"2180","CR266195",3,"Cerrado"
"2181","CR266196",3,"Cerrado"
"2182","CR266197",3,"Cerrado"
"2183","CR266198",3,"Cerrado"
"2184","CR266199",3,"Cerrado"
"2185","CR266200",3,"Cerrado"
"2186","CR266201",3,"Cerrado"
"2187","CR266202",3,"Cerrado"
"2188","CR266203",3,"Cerrado"
"2189","CR266204",3,"Cerrado"
"2190","CR266205",3,"Cerrado"
"2191","CR266206",3,"Cerrado"
"2192","CR266207",3,"Cerrado"
"2193","CR266208",3,"Cerrado"
"2194","CR266209",3,"Cerrado"
"2195","CR266210",3,"Cerrado"
"2196","CR266211",3,"Cerrado"
"2197","CR266212",3,"Cerrado"
"2198","CR266213",3,"Cerrado"
"2199","CR266214",3,"Cerrado"
"2200","CR266215",3,"Cerrado"
"2201","CR266216",3,"Cerrado"
"2202","CR266217",3,"Cerrado"
"2203","CR266218",3,"Cerrado"
"2204","CR266219",3,"Cerrado"
"2205","CR266220",3,"Cerrado"
"2206","CR266221",3,"Cerrado"
"2207","CR266222",3,"Cerrado"
"2208","CR266223",3,"Cerrado"
"2209","CR266224",4,"Mata AtlÃ¢ntica"
"2210","CR266225",4,"Mata AtlÃ¢ntica"
"2211","CR266226",4,"Mata AtlÃ¢ntica"
"2212","CR266227",4,"Mata AtlÃ¢ntica"
"2213","CR266228",4,"Mata AtlÃ¢ntica"
"2214","CR266229",4,"Mata AtlÃ¢ntica"
"2215","CR266230",4,"Mata AtlÃ¢ntica"
"2216","CR267182",1,"AmazÃ´nia"
"2217","CR267183",1,"AmazÃ´nia"
"2218","CR267184",1,"AmazÃ´nia"
"2219","CR267185",1,"AmazÃ´nia"
"2220","CR267186",1,"AmazÃ´nia"
"2221","CR267187",1,"AmazÃ´nia"
"2222","CR267188",1,"AmazÃ´nia"
"2223","CR267189",1,"AmazÃ´nia"
"2224","CR267190",1,"AmazÃ´nia"
"2225","CR267191",1,"AmazÃ´nia"
"2226","CR267192",3,"Cerrado"
"2227","CR267193",3,"Cerrado"
"2228","CR267194",3,"Cerrado"
"2229","CR267195",3,"Cerrado"
"2230","CR267196",3,"Cerrado"
"2231","CR267197",3,"Cerrado"
"2232","CR267198",3,"Cerrado"
"2233","CR267199",3,"Cerrado"
"2234","CR267200",3,"Cerrado"
"2235","CR267201",3,"Cerrado"
"2236","CR267202",3,"Cerrado"
"2237","CR267203",3,"Cerrado"
"2238","CR267204",3,"Cerrado"
"2239","CR267205",3,"Cerrado"
"2240","CR267206",3,"Cerrado"
"2241","CR267207",3,"Cerrado"
"2242","CR267208",3,"Cerrado"
"2243","CR267209",3,"Cerrado"
"2244","CR267210",3,"Cerrado"
"2245","CR267211",3,"Cerrado"
"2246","CR267212",3,"Cerrado"
"2247","CR267213",3,"Cerrado"
"2248","CR267214",3,"Cerrado"
"2249","CR267215",3,"Cerrado"
"2250","CR267216",3,"Cerrado"
"2251","CR267217",3,"Cerrado"
"2252","CR267218",3,"Cerrado"
"2253","CR267219",3,"Cerrado"
"2254","CR267220",3,"Cerrado"
"2255","CR267221",3,"Cerrado"
"2256","CR267222",3,"Cerrado"
"2257","CR267223",4,"Mata AtlÃ¢ntica"
"2258","CR267224",4,"Mata AtlÃ¢ntica"
"2259","CR267225",4,"Mata AtlÃ¢ntica"
"2260","CR267226",4,"Mata AtlÃ¢ntica"
"2261","CR267227",4,"Mata AtlÃ¢ntica"
"2262","CR267228",4,"Mata AtlÃ¢ntica"
"2263","CR267229",4,"Mata AtlÃ¢ntica"
"2264","CR268182",NA,""
"2265","CR268183",1,"AmazÃ´nia"
"2266","CR268184",1,"AmazÃ´nia"
"2267","CR268185",1,"AmazÃ´nia"
"2268","CR268186",1,"AmazÃ´nia"
"2269","CR268187",1,"AmazÃ´nia"
"2270","CR268188",1,"AmazÃ´nia"
"2271","CR268189",1,"AmazÃ´nia"
"2272","CR268190",1,"AmazÃ´nia"
"2273","CR268191",1,"AmazÃ´nia"
"2274","CR268192",3,"Cerrado"
"2275","CR268193",3,"Cerrado"
"2276","CR268194",3,"Cerrado"
"2277","CR268195",3,"Cerrado"
"2278","CR268196",3,"Cerrado"
"2279","CR268197",3,"Cerrado"
"2280","CR268198",3,"Cerrado"
"2281","CR268199",3,"Cerrado"
"2282","CR268200",3,"Cerrado"
"2283","CR268201",3,"Cerrado"
"2284","CR268202",3,"Cerrado"
"2285","CR268203",3,"Cerrado"
"2286","CR268204",3,"Cerrado"
"2287","CR268205",3,"Cerrado"
"2288","CR268206",3,"Cerrado"
"2289","CR268207",3,"Cerrado"
"2290","CR268208",3,"Cerrado"
"2291","CR268209",3,"Cerrado"
"2292","CR268210",3,"Cerrado"
"2293","CR268211",3,"Cerrado"
"2294","CR268212",3,"Cerrado"
"2295","CR268213",3,"Cerrado"
"2296","CR268214",3,"Cerrado"
"2297","CR268215",3,"Cerrado"
"2298","CR268216",3,"Cerrado"
"2299","CR268217",3,"Cerrado"
"2300","CR268218",3,"Cerrado"
"2301","CR268219",3,"Cerrado"
"2302","CR268220",3,"Cerrado"
"2303","CR268221",3,"Cerrado"
"2304","CR268222",3,"Cerrado"
"2305","CR268223",4,"Mata AtlÃ¢ntica"
"2306","CR268224",4,"Mata AtlÃ¢ntica"
"2307","CR268225",4,"Mata AtlÃ¢ntica"
"2308","CR268226",4,"Mata AtlÃ¢ntica"
"2309","CR268227",4,"Mata AtlÃ¢ntica"
"2310","CR268228",4,"Mata AtlÃ¢ntica"
"2311","CR269183",1,"AmazÃ´nia"
"2312","CR269184",1,"AmazÃ´nia"
"2313","CR269185",1,"AmazÃ´nia"
"2314","CR269186",1,"AmazÃ´nia"
"2315","CR269187",1,"AmazÃ´nia"
"2316","CR269188",1,"AmazÃ´nia"
"2317","CR269189",1,"AmazÃ´nia"
"2318","CR269190",1,"AmazÃ´nia"
"2319","CR269191",3,"Cerrado"
"2320","CR269192",3,"Cerrado"
"2321","CR269193",3,"Cerrado"
"2322","CR269194",3,"Cerrado"
"2323","CR269195",3,"Cerrado"
"2324","CR269196",3,"Cerrado"
"2325","CR269197",3,"Cerrado"
"2326","CR269198",3,"Cerrado"
"2327","CR269199",3,"Cerrado"
"2328","CR269200",3,"Cerrado"
"2329","CR269201",3,"Cerrado"
"2330","CR269202",3,"Cerrado"
"2331","CR269203",3,"Cerrado"
"2332","CR269204",3,"Cerrado"
"2333","CR269205",3,"Cerrado"
"2334","CR269206",3,"Cerrado"
"2335","CR269207",3,"Cerrado"
"2336","CR269208",3,"Cerrado"
"2337","CR269209",3,"Cerrado"
"2338","CR269210",3,"Cerrado"
"2339","CR269211",3,"Cerrado"
"2340","CR269212",3,"Cerrado"
"2341","CR269213",3,"Cerrado"
"2342","CR269214",3,"Cerrado"
"2343","CR269215",3,"Cerrado"
"2344","CR269216",3,"Cerrado"
"2345","CR269217",3,"Cerrado"
"2346","CR269218",3,"Cerrado"
"2347","CR269219",3,"Cerrado"
"2348","CR269220",3,"Cerrado"
"2349","CR269221",3,"Cerrado"
"2350","CR269222",3,"Cerrado"
"2351","CR269223",4,"Mata AtlÃ¢ntica"
"2352","CR269224",4,"Mata AtlÃ¢ntica"
"2353","CR269225",4,"Mata AtlÃ¢ntica"
"2354","CR269226",4,"Mata AtlÃ¢ntica"
"2355","CR269227",4,"Mata AtlÃ¢ntica"
"2356","CR269228",4,"Mata AtlÃ¢ntica"
"2357","CR270183",1,"AmazÃ´nia"
"2358","CR270184",1,"AmazÃ´nia"
"2359","CR270185",1,"AmazÃ´nia"
"2360","CR270186",1,"AmazÃ´nia"
"2361","CR270187",1,"AmazÃ´nia"
"2362","CR270188",1,"AmazÃ´nia"
"2363","CR270189",1,"AmazÃ´nia"
"2364","CR270190",3,"Cerrado"
"2365","CR270191",3,"Cerrado"
"2366","CR270192",3,"Cerrado"
"2367","CR270193",3,"Cerrado"
"2368","CR270194",3,"Cerrado"
"2369","CR270195",3,"Cerrado"
"2370","CR270196",3,"Cerrado"
"2371","CR270197",3,"Cerrado"
"2372","CR270198",3,"Cerrado"
"2373","CR270199",3,"Cerrado"
"2374","CR270200",3,"Cerrado"
"2375","CR270201",3,"Cerrado"
"2376","CR270202",3,"Cerrado"
"2377","CR270203",3,"Cerrado"
"2378","CR270204",3,"Cerrado"
"2379","CR270205",3,"Cerrado"
"2380","CR270206",3,"Cerrado"
"2381","CR270207",3,"Cerrado"
"2382","CR270208",3,"Cerrado"
"2383","CR270209",3,"Cerrado"
"2384","CR270210",3,"Cerrado"
"2385","CR270211",3,"Cerrado"
"2386","CR270212",3,"Cerrado"
"2387","CR270213",3,"Cerrado"
"2388","CR270214",3,"Cerrado"
"2389","CR270215",3,"Cerrado"
"2390","CR270216",3,"Cerrado"
"2391","CR270217",3,"Cerrado"
"2392","CR270218",3,"Cerrado"
"2393","CR270219",3,"Cerrado"
"2394","CR270220",3,"Cerrado"
"2395","CR270221",4,"Mata AtlÃ¢ntica"
"2396","CR270222",4,"Mata AtlÃ¢ntica"
"2397","CR270223",4,"Mata AtlÃ¢ntica"
"2398","CR270224",4,"Mata AtlÃ¢ntica"
"2399","CR270225",4,"Mata AtlÃ¢ntica"
"2400","CR270226",4,"Mata AtlÃ¢ntica"
"2401","CR270227",4,"Mata AtlÃ¢ntica"
"2402","CR270228",4,"Mata AtlÃ¢ntica"
"2403","CR271183",1,"AmazÃ´nia"
"2404","CR271184",1,"AmazÃ´nia"
"2405","CR271185",1,"AmazÃ´nia"
"2406","CR271186",1,"AmazÃ´nia"
"2407","CR271187",1,"AmazÃ´nia"
"2408","CR271188",1,"AmazÃ´nia"
"2409","CR271189",3,"Cerrado"
"2410","CR271190",3,"Cerrado"
"2411","CR271191",3,"Cerrado"
"2412","CR271192",3,"Cerrado"
"2413","CR271193",3,"Cerrado"
"2414","CR271194",3,"Cerrado"
"2415","CR271195",3,"Cerrado"
"2416","CR271196",3,"Cerrado"
"2417","CR271197",3,"Cerrado"
"2418","CR271198",3,"Cerrado"
"2419","CR271199",3,"Cerrado"
"2420","CR271200",3,"Cerrado"
"2421","CR271201",3,"Cerrado"
"2422","CR271202",2,"Caatinga"
"2423","CR271203",3,"Cerrado"
"2424","CR271204",3,"Cerrado"
"2425","CR271205",3,"Cerrado"
"2426","CR271206",3,"Cerrado"
"2427","CR271207",3,"Cerrado"
"2428","CR271208",3,"Cerrado"
"2429","CR271209",3,"Cerrado"
"2430","CR271210",3,"Cerrado"
"2431","CR271211",3,"Cerrado"
"2432","CR271212",3,"Cerrado"
"2433","CR271213",3,"Cerrado"
"2434","CR271214",3,"Cerrado"
"2435","CR271215",3,"Cerrado"
"2436","CR271216",3,"Cerrado"
"2437","CR271217",3,"Cerrado"
"2438","CR271218",3,"Cerrado"
"2439","CR271219",3,"Cerrado"
"2440","CR271220",4,"Mata AtlÃ¢ntica"
"2441","CR271221",3,"Cerrado"
"2442","CR271222",4,"Mata AtlÃ¢ntica"
"2443","CR271223",4,"Mata AtlÃ¢ntica"
"2444","CR271224",4,"Mata AtlÃ¢ntica"
"2445","CR271225",4,"Mata AtlÃ¢ntica"
"2446","CR271226",4,"Mata AtlÃ¢ntica"
"2447","CR271227",4,"Mata AtlÃ¢ntica"
"2448","CR272185",1,"AmazÃ´nia"
"2449","CR272186",1,"AmazÃ´nia"
"2450","CR272187",3,"Cerrado"
"2451","CR272188",3,"Cerrado"
"2452","CR272189",3,"Cerrado"
"2453","CR272190",3,"Cerrado"
"2454","CR272191",3,"Cerrado"
"2455","CR272192",3,"Cerrado"
"2456","CR272193",3,"Cerrado"
"2457","CR272194",3,"Cerrado"
"2458","CR272195",3,"Cerrado"
"2459","CR272196",3,"Cerrado"
"2460","CR272197",3,"Cerrado"
"2461","CR272198",3,"Cerrado"
"2462","CR272199",3,"Cerrado"
"2463","CR272200",2,"Caatinga"
"2464","CR272201",2,"Caatinga"
"2465","CR272202",2,"Caatinga"
"2466","CR272203",3,"Cerrado"
"2467","CR272204",3,"Cerrado"
"2468","CR272205",3,"Cerrado"
"2469","CR272206",3,"Cerrado"
"2470","CR272207",3,"Cerrado"
"2471","CR272208",2,"Caatinga"
"2472","CR272209",2,"Caatinga"
"2473","CR272210",2,"Caatinga"
"2474","CR272211",2,"Caatinga"
"2475","CR272212",2,"Caatinga"
"2476","CR272213",3,"Cerrado"
"2477","CR272214",3,"Cerrado"
"2478","CR272215",3,"Cerrado"
"2479","CR272216",3,"Cerrado"
"2480","CR272217",3,"Cerrado"
"2481","CR272218",3,"Cerrado"
"2482","CR272219",3,"Cerrado"
"2483","CR272220",3,"Cerrado"
"2484","CR272221",4,"Mata AtlÃ¢ntica"
"2485","CR272222",4,"Mata AtlÃ¢ntica"
"2486","CR272223",4,"Mata AtlÃ¢ntica"
"2487","CR272224",4,"Mata AtlÃ¢ntica"
"2488","CR272225",4,"Mata AtlÃ¢ntica"
"2489","CR272226",4,"Mata AtlÃ¢ntica"
"2490","CR272227",4,"Mata AtlÃ¢ntica"
"2491","CR273185",1,"AmazÃ´nia"
"2492","CR273186",3,"Cerrado"
"2493","CR273187",3,"Cerrado"
"2494","CR273188",3,"Cerrado"
"2495","CR273189",3,"Cerrado"
"2496","CR273190",3,"Cerrado"
"2497","CR273191",3,"Cerrado"
"2498","CR273192",3,"Cerrado"
"2499","CR273193",3,"Cerrado"
"2500","CR273194",3,"Cerrado"
"2501","CR273195",3,"Cerrado"
"2502","CR273196",3,"Cerrado"
"2503","CR273197",2,"Caatinga"
"2504","CR273198",2,"Caatinga"
"2505","CR273199",2,"Caatinga"
"2506","CR273200",2,"Caatinga"
"2507","CR273201",2,"Caatinga"
"2508","CR273202",2,"Caatinga"
"2509","CR273203",2,"Caatinga"
"2510","CR273204",2,"Caatinga"
"2511","CR273205",2,"Caatinga"
"2512","CR273206",2,"Caatinga"
"2513","CR273207",2,"Caatinga"
"2514","CR273208",2,"Caatinga"
"2515","CR273209",2,"Caatinga"
"2516","CR273210",2,"Caatinga"
"2517","CR273211",2,"Caatinga"
"2518","CR273212",2,"Caatinga"
"2519","CR273213",2,"Caatinga"
"2520","CR273214",3,"Cerrado"
"2521","CR273215",3,"Cerrado"
"2522","CR273216",3,"Cerrado"
"2523","CR273217",3,"Cerrado"
"2524","CR273218",3,"Cerrado"
"2525","CR273219",3,"Cerrado"
"2526","CR273220",3,"Cerrado"
"2527","CR273221",4,"Mata AtlÃ¢ntica"
"2528","CR273222",4,"Mata AtlÃ¢ntica"
"2529","CR273223",4,"Mata AtlÃ¢ntica"
"2530","CR273224",4,"Mata AtlÃ¢ntica"
"2531","CR273225",4,"Mata AtlÃ¢ntica"
"2532","CR273226",4,"Mata AtlÃ¢ntica"
"2533","CR273227",4,"Mata AtlÃ¢ntica"
"2534","CR274185",3,"Cerrado"
"2535","CR274186",3,"Cerrado"
"2536","CR274187",3,"Cerrado"
"2537","CR274188",3,"Cerrado"
"2538","CR274189",3,"Cerrado"
"2539","CR274190",3,"Cerrado"
"2540","CR274191",3,"Cerrado"
"2541","CR274192",3,"Cerrado"
"2542","CR274193",3,"Cerrado"
"2543","CR274194",3,"Cerrado"
"2544","CR274195",3,"Cerrado"
"2545","CR274196",2,"Caatinga"
"2546","CR274197",2,"Caatinga"
"2547","CR274198",2,"Caatinga"
"2548","CR274199",2,"Caatinga"
"2549","CR274200",2,"Caatinga"
"2550","CR274201",2,"Caatinga"
"2551","CR274202",2,"Caatinga"
"2552","CR274203",2,"Caatinga"
"2553","CR274204",2,"Caatinga"
"2554","CR274205",2,"Caatinga"
"2555","CR274206",2,"Caatinga"
"2556","CR274207",2,"Caatinga"
"2557","CR274208",2,"Caatinga"
"2558","CR274209",2,"Caatinga"
"2559","CR274210",2,"Caatinga"
"2560","CR274211",2,"Caatinga"
"2561","CR274212",2,"Caatinga"
"2562","CR274213",3,"Cerrado"
"2563","CR274214",3,"Cerrado"
"2564","CR274215",3,"Cerrado"
"2565","CR274216",3,"Cerrado"
"2566","CR274217",4,"Mata AtlÃ¢ntica"
"2567","CR274218",4,"Mata AtlÃ¢ntica"
"2568","CR274219",4,"Mata AtlÃ¢ntica"
"2569","CR274220",4,"Mata AtlÃ¢ntica"
"2570","CR274221",4,"Mata AtlÃ¢ntica"
"2571","CR274222",4,"Mata AtlÃ¢ntica"
"2572","CR274223",4,"Mata AtlÃ¢ntica"
"2573","CR274224",4,"Mata AtlÃ¢ntica"
"2574","CR274225",4,"Mata AtlÃ¢ntica"
"2575","CR274226",4,"Mata AtlÃ¢ntica"
"2576","CR275186",3,"Cerrado"
"2577","CR275187",3,"Cerrado"
"2578","CR275188",3,"Cerrado"
"2579","CR275189",3,"Cerrado"
"2580","CR275190",3,"Cerrado"
"2581","CR275191",3,"Cerrado"
"2582","CR275192",3,"Cerrado"
"2583","CR275193",3,"Cerrado"
"2584","CR275194",2,"Caatinga"
"2585","CR275195",2,"Caatinga"
"2586","CR275196",2,"Caatinga"
"2587","CR275197",2,"Caatinga"
"2588","CR275198",2,"Caatinga"
"2589","CR275199",2,"Caatinga"
"2590","CR275200",2,"Caatinga"
"2591","CR275201",2,"Caatinga"
"2592","CR275202",2,"Caatinga"
"2593","CR275203",2,"Caatinga"
"2594","CR275204",2,"Caatinga"
"2595","CR275205",2,"Caatinga"
"2596","CR275206",2,"Caatinga"
"2597","CR275207",3,"Cerrado"
"2598","CR275208",3,"Cerrado"
"2599","CR275209",2,"Caatinga"
"2600","CR275210",2,"Caatinga"
"2601","CR275211",3,"Cerrado"
"2602","CR275212",3,"Cerrado"
"2603","CR275213",3,"Cerrado"
"2604","CR275214",3,"Cerrado"
"2605","CR275215",3,"Cerrado"
"2606","CR275216",3,"Cerrado"
"2607","CR275217",4,"Mata AtlÃ¢ntica"
"2608","CR275218",4,"Mata AtlÃ¢ntica"
"2609","CR275219",4,"Mata AtlÃ¢ntica"
"2610","CR275220",4,"Mata AtlÃ¢ntica"
"2611","CR275221",4,"Mata AtlÃ¢ntica"
"2612","CR275222",4,"Mata AtlÃ¢ntica"
"2613","CR275223",4,"Mata AtlÃ¢ntica"
"2614","CR275224",4,"Mata AtlÃ¢ntica"
"2615","CR275225",4,"Mata AtlÃ¢ntica"
"2616","CR275226",4,"Mata AtlÃ¢ntica"
"2617","CR276186",3,"Cerrado"
"2618","CR276187",3,"Cerrado"
"2619","CR276188",3,"Cerrado"
"2620","CR276189",3,"Cerrado"
"2621","CR276190",3,"Cerrado"
"2622","CR276191",3,"Cerrado"
"2623","CR276192",3,"Cerrado"
"2624","CR276193",3,"Cerrado"
"2625","CR276194",2,"Caatinga"
"2626","CR276195",2,"Caatinga"
"2627","CR276196",2,"Caatinga"
"2628","CR276197",2,"Caatinga"
"2629","CR276198",2,"Caatinga"
"2630","CR276199",2,"Caatinga"
"2631","CR276200",2,"Caatinga"
"2632","CR276201",2,"Caatinga"
"2633","CR276202",2,"Caatinga"
"2634","CR276203",2,"Caatinga"
"2635","CR276204",2,"Caatinga"
"2636","CR276205",2,"Caatinga"
"2637","CR276206",2,"Caatinga"
"2638","CR276207",2,"Caatinga"
"2639","CR276208",2,"Caatinga"
"2640","CR276209",2,"Caatinga"
"2641","CR276210",2,"Caatinga"
"2642","CR276211",3,"Cerrado"
"2643","CR276212",3,"Cerrado"
"2644","CR276213",4,"Mata AtlÃ¢ntica"
"2645","CR276214",3,"Cerrado"
"2646","CR276215",4,"Mata AtlÃ¢ntica"
"2647","CR276216",4,"Mata AtlÃ¢ntica"
"2648","CR276217",4,"Mata AtlÃ¢ntica"
"2649","CR276218",4,"Mata AtlÃ¢ntica"
"2650","CR276219",4,"Mata AtlÃ¢ntica"
"2651","CR276220",4,"Mata AtlÃ¢ntica"
"2652","CR276221",4,"Mata AtlÃ¢ntica"
"2653","CR276222",4,"Mata AtlÃ¢ntica"
"2654","CR276223",4,"Mata AtlÃ¢ntica"
"2655","CR276224",4,"Mata AtlÃ¢ntica"
"2656","CR276225",4,"Mata AtlÃ¢ntica"
"2657","CR276226",4,"Mata AtlÃ¢ntica"
"2658","CR277186",2,"Caatinga"
"2659","CR277187",3,"Cerrado"
"2660","CR277188",3,"Cerrado"
"2661","CR277189",3,"Cerrado"
"2662","CR277190",3,"Cerrado"
"2663","CR277191",3,"Cerrado"
"2664","CR277192",3,"Cerrado"
"2665","CR277193",3,"Cerrado"
"2666","CR277194",2,"Caatinga"
"2667","CR277195",2,"Caatinga"
"2668","CR277196",2,"Caatinga"
"2669","CR277197",2,"Caatinga"
"2670","CR277198",2,"Caatinga"
"2671","CR277199",2,"Caatinga"
"2672","CR277200",2,"Caatinga"
"2673","CR277201",2,"Caatinga"
"2674","CR277202",2,"Caatinga"
"2675","CR277203",2,"Caatinga"
"2676","CR277204",2,"Caatinga"
"2677","CR277205",2,"Caatinga"
"2678","CR277206",2,"Caatinga"
"2679","CR277207",2,"Caatinga"
"2680","CR277208",2,"Caatinga"
"2681","CR277209",2,"Caatinga"
"2682","CR277210",2,"Caatinga"
"2683","CR277211",4,"Mata AtlÃ¢ntica"
"2684","CR277212",4,"Mata AtlÃ¢ntica"
"2685","CR277213",4,"Mata AtlÃ¢ntica"
"2686","CR277214",4,"Mata AtlÃ¢ntica"
"2687","CR277215",4,"Mata AtlÃ¢ntica"
"2688","CR277216",4,"Mata AtlÃ¢ntica"
"2689","CR277217",4,"Mata AtlÃ¢ntica"
"2690","CR277218",4,"Mata AtlÃ¢ntica"
"2691","CR277219",4,"Mata AtlÃ¢ntica"
"2692","CR277220",4,"Mata AtlÃ¢ntica"
"2693","CR277221",4,"Mata AtlÃ¢ntica"
"2694","CR277222",4,"Mata AtlÃ¢ntica"
"2695","CR277223",4,"Mata AtlÃ¢ntica"
"2696","CR277224",4,"Mata AtlÃ¢ntica"
"2697","CR277225",4,"Mata AtlÃ¢ntica"
"2698","CR277226",4,"Mata AtlÃ¢ntica"
"2699","CR278186",2,"Caatinga"
"2700","CR278187",2,"Caatinga"
"2701","CR278188",2,"Caatinga"
"2702","CR278189",2,"Caatinga"
"2703","CR278190",2,"Caatinga"
"2704","CR278191",2,"Caatinga"
"2705","CR278192",2,"Caatinga"
"2706","CR278193",2,"Caatinga"
"2707","CR278194",2,"Caatinga"
"2708","CR278195",2,"Caatinga"
"2709","CR278196",2,"Caatinga"
"2710","CR278197",2,"Caatinga"
"2711","CR278198",2,"Caatinga"
"2712","CR278199",2,"Caatinga"
"2713","CR278200",2,"Caatinga"
"2714","CR278201",2,"Caatinga"
"2715","CR278202",2,"Caatinga"
"2716","CR278203",2,"Caatinga"
"2717","CR278204",2,"Caatinga"
"2718","CR278205",2,"Caatinga"
"2719","CR278206",2,"Caatinga"
"2720","CR278207",2,"Caatinga"
"2721","CR278208",2,"Caatinga"
"2722","CR278209",2,"Caatinga"
"2723","CR278210",2,"Caatinga"
"2724","CR278211",4,"Mata AtlÃ¢ntica"
"2725","CR278212",4,"Mata AtlÃ¢ntica"
"2726","CR278213",4,"Mata AtlÃ¢ntica"
"2727","CR278214",4,"Mata AtlÃ¢ntica"
"2728","CR278215",4,"Mata AtlÃ¢ntica"
"2729","CR278216",4,"Mata AtlÃ¢ntica"
"2730","CR278217",4,"Mata AtlÃ¢ntica"
"2731","CR278218",4,"Mata AtlÃ¢ntica"
"2732","CR278219",4,"Mata AtlÃ¢ntica"
"2733","CR278220",4,"Mata AtlÃ¢ntica"
"2734","CR278221",4,"Mata AtlÃ¢ntica"
"2735","CR278222",4,"Mata AtlÃ¢ntica"
"2736","CR278223",4,"Mata AtlÃ¢ntica"
"2737","CR278224",4,"Mata AtlÃ¢ntica"
"2738","CR278225",4,"Mata AtlÃ¢ntica"
"2739","CR279186",2,"Caatinga"
"2740","CR279187",2,"Caatinga"
"2741","CR279188",2,"Caatinga"
"2742","CR279189",2,"Caatinga"
"2743","CR279190",2,"Caatinga"
"2744","CR279191",2,"Caatinga"
"2745","CR279192",2,"Caatinga"
"2746","CR279193",2,"Caatinga"
"2747","CR279194",2,"Caatinga"
"2748","CR279195",2,"Caatinga"
"2749","CR279196",2,"Caatinga"
"2750","CR279197",2,"Caatinga"
"2751","CR279198",2,"Caatinga"
"2752","CR279199",2,"Caatinga"
"2753","CR279200",2,"Caatinga"
"2754","CR279201",2,"Caatinga"
"2755","CR279202",2,"Caatinga"
"2756","CR279203",2,"Caatinga"
"2757","CR279204",2,"Caatinga"
"2758","CR279205",2,"Caatinga"
"2759","CR279206",2,"Caatinga"
"2760","CR279207",2,"Caatinga"
"2761","CR279208",2,"Caatinga"
"2762","CR279209",2,"Caatinga"
"2763","CR279210",4,"Mata AtlÃ¢ntica"
"2764","CR279211",4,"Mata AtlÃ¢ntica"
"2765","CR279212",4,"Mata AtlÃ¢ntica"
"2766","CR279213",4,"Mata AtlÃ¢ntica"
"2767","CR279214",4,"Mata AtlÃ¢ntica"
"2768","CR279215",4,"Mata AtlÃ¢ntica"
"2769","CR279216",4,"Mata AtlÃ¢ntica"
"2770","CR279217",4,"Mata AtlÃ¢ntica"
"2771","CR279218",4,"Mata AtlÃ¢ntica"
"2772","CR279219",4,"Mata AtlÃ¢ntica"
"2773","CR279220",4,"Mata AtlÃ¢ntica"
"2774","CR279221",4,"Mata AtlÃ¢ntica"
"2775","CR279222",4,"Mata AtlÃ¢ntica"
"2776","CR279223",4,"Mata AtlÃ¢ntica"
"2777","CR280186",2,"Caatinga"
"2778","CR280187",2,"Caatinga"
"2779","CR280188",2,"Caatinga"
"2780","CR280189",2,"Caatinga"
"2781","CR280190",2,"Caatinga"
"2782","CR280191",2,"Caatinga"
"2783","CR280192",2,"Caatinga"
"2784","CR280193",2,"Caatinga"
"2785","CR280194",2,"Caatinga"
"2786","CR280195",2,"Caatinga"
"2787","CR280196",2,"Caatinga"
"2788","CR280197",2,"Caatinga"
"2789","CR280198",2,"Caatinga"
"2790","CR280199",2,"Caatinga"
"2791","CR280200",2,"Caatinga"
"2792","CR280201",2,"Caatinga"
"2793","CR280202",2,"Caatinga"
"2794","CR280203",2,"Caatinga"
"2795","CR280204",2,"Caatinga"
"2796","CR280205",2,"Caatinga"
"2797","CR280206",2,"Caatinga"
"2798","CR280207",2,"Caatinga"
"2799","CR280208",2,"Caatinga"
"2800","CR280209",2,"Caatinga"
"2801","CR280210",4,"Mata AtlÃ¢ntica"
"2802","CR280211",4,"Mata AtlÃ¢ntica"
"2803","CR280212",4,"Mata AtlÃ¢ntica"
"2804","CR280213",4,"Mata AtlÃ¢ntica"
"2805","CR280214",4,"Mata AtlÃ¢ntica"
"2806","CR280215",4,"Mata AtlÃ¢ntica"
"2807","CR280216",4,"Mata AtlÃ¢ntica"
"2808","CR280217",4,"Mata AtlÃ¢ntica"
"2809","CR280218",4,"Mata AtlÃ¢ntica"
"2810","CR280219",4,"Mata AtlÃ¢ntica"
"2811","CR280220",4,"Mata AtlÃ¢ntica"
"2812","CR280221",4,"Mata AtlÃ¢ntica"
"2813","CR280222",4,"Mata AtlÃ¢ntica"
"2814","CR281186",2,"Caatinga"
"2815","CR281187",2,"Caatinga"
"2816","CR281188",2,"Caatinga"
"2817","CR281189",2,"Caatinga"
"2818","CR281190",2,"Caatinga"
"2819","CR281191",2,"Caatinga"
"2820","CR281192",2,"Caatinga"
"2821","CR281193",2,"Caatinga"
"2822","CR281194",2,"Caatinga"
"2823","CR281195",2,"Caatinga"
"2824","CR281196",2,"Caatinga"
"2825","CR281197",2,"Caatinga"
"2826","CR281198",2,"Caatinga"
"2827","CR281199",2,"Caatinga"
"2828","CR281200",2,"Caatinga"
"2829","CR281201",2,"Caatinga"
"2830","CR281202",2,"Caatinga"
"2831","CR281203",2,"Caatinga"
"2832","CR281204",2,"Caatinga"
"2833","CR281205",2,"Caatinga"
"2834","CR281206",2,"Caatinga"
"2835","CR281207",4,"Mata AtlÃ¢ntica"
"2836","CR281208",4,"Mata AtlÃ¢ntica"
"2837","CR281209",4,"Mata AtlÃ¢ntica"
"2838","CR281210",4,"Mata AtlÃ¢ntica"
"2839","CR281211",4,"Mata AtlÃ¢ntica"
"2840","CR281212",4,"Mata AtlÃ¢ntica"
"2841","CR281213",4,"Mata AtlÃ¢ntica"
"2842","CR281214",4,"Mata AtlÃ¢ntica"
"2843","CR281215",4,"Mata AtlÃ¢ntica"
"2844","CR281216",4,"Mata AtlÃ¢ntica"
"2845","CR281217",4,"Mata AtlÃ¢ntica"
"2846","CR281218",4,"Mata AtlÃ¢ntica"
"2847","CR281219",4,"Mata AtlÃ¢ntica"
"2848","CR281220",4,"Mata AtlÃ¢ntica"
"2849","CR282187",2,"Caatinga"
"2850","CR282188",2,"Caatinga"
"2851","CR282189",2,"Caatinga"
"2852","CR282190",2,"Caatinga"
"2853","CR282191",2,"Caatinga"
"2854","CR282192",2,"Caatinga"
"2855","CR282193",2,"Caatinga"
"2856","CR282194",2,"Caatinga"
"2857","CR282195",2,"Caatinga"
"2858","CR282196",2,"Caatinga"
"2859","CR282197",2,"Caatinga"
"2860","CR282198",2,"Caatinga"
"2861","CR282199",2,"Caatinga"
"2862","CR282200",2,"Caatinga"
"2863","CR282201",2,"Caatinga"
"2864","CR282202",2,"Caatinga"
"2865","CR282203",2,"Caatinga"
"2866","CR282204",2,"Caatinga"
"2867","CR282205",4,"Mata AtlÃ¢ntica"
"2868","CR282206",4,"Mata AtlÃ¢ntica"
"2869","CR282207",4,"Mata AtlÃ¢ntica"
"2870","CR282208",4,"Mata AtlÃ¢ntica"
"2871","CR282209",4,"Mata AtlÃ¢ntica"
"2872","CR282210",4,"Mata AtlÃ¢ntica"
"2873","CR282211",4,"Mata AtlÃ¢ntica"
"2874","CR282212",4,"Mata AtlÃ¢ntica"
"2875","CR282213",4,"Mata AtlÃ¢ntica"
"2876","CR282214",4,"Mata AtlÃ¢ntica"
"2877","CR282215",4,"Mata AtlÃ¢ntica"
"2878","CR282216",4,"Mata AtlÃ¢ntica"
"2879","CR283187",2,"Caatinga"
"2880","CR283188",2,"Caatinga"
"2881","CR283189",2,"Caatinga"
"2882","CR283190",2,"Caatinga"
"2883","CR283191",2,"Caatinga"
"2884","CR283192",2,"Caatinga"
"2885","CR283193",2,"Caatinga"
"2886","CR283194",2,"Caatinga"
"2887","CR283195",2,"Caatinga"
"2888","CR283196",2,"Caatinga"
"2889","CR283197",2,"Caatinga"
"2890","CR283198",2,"Caatinga"
"2891","CR283199",2,"Caatinga"
"2892","CR283200",2,"Caatinga"
"2893","CR283201",2,"Caatinga"
"2894","CR283202",2,"Caatinga"
"2895","CR283203",2,"Caatinga"
"2896","CR283204",2,"Caatinga"
"2897","CR283205",4,"Mata AtlÃ¢ntica"
"2898","CR283206",4,"Mata AtlÃ¢ntica"
"2899","CR283207",4,"Mata AtlÃ¢ntica"
"2900","CR283208",4,"Mata AtlÃ¢ntica"
"2901","CR283209",4,"Mata AtlÃ¢ntica"
"2902","CR283212",4,"Mata AtlÃ¢ntica"
"2903","CR283213",4,"Mata AtlÃ¢ntica"
"2904","CR284188",2,"Caatinga"
"2905","CR284189",2,"Caatinga"
"2906","CR284190",2,"Caatinga"
"2907","CR284191",2,"Caatinga"
"2908","CR284192",2,"Caatinga"
"2909","CR284193",2,"Caatinga"
"2910","CR284194",2,"Caatinga"
"2911","CR284195",2,"Caatinga"
"2912","CR284196",2,"Caatinga"
"2913","CR284197",2,"Caatinga"
"2914","CR284198",2,"Caatinga"
"2915","CR284199",2,"Caatinga"
"2916","CR284200",2,"Caatinga"
"2917","CR284201",2,"Caatinga"
"2918","CR284202",2,"Caatinga"
"2919","CR284203",2,"Caatinga"
"2920","CR284204",4,"Mata AtlÃ¢ntica"
"2921","CR284205",4,"Mata AtlÃ¢ntica"
"2922","CR284206",4,"Mata AtlÃ¢ntica"
"2923","CR285189",2,"Caatinga"
"2924","CR285190",2,"Caatinga"
"2925","CR285191",2,"Caatinga"
"2926","CR285192",2,"Caatinga"
"2927","CR285193",2,"Caatinga"
"2928","CR285194",2,"Caatinga"
"2929","CR285195",2,"Caatinga"
"2930","CR285196",2,"Caatinga"
"2931","CR285197",2,"Caatinga"
"2932","CR285198",2,"Caatinga"
"2933","CR285199",2,"Caatinga"
"2934","CR285200",2,"Caatinga"
"2935","CR285201",2,"Caatinga"
"2936","CR285202",2,"Caatinga"
"2937","CR285203",2,"Caatinga"
"2938","CR285204",4,"Mata AtlÃ¢ntica"
"2939","CR285205",4,"Mata AtlÃ¢ntica"
"2940","CR286190",2,"Caatinga"
"2941","CR286191",2,"Caatinga"
"2942","CR286192",2,"Caatinga"
"2943","CR286193",2,"Caatinga"
"2944","CR286194",2,"Caatinga"
"2945","CR286195",2,"Caatinga"
"2946","CR286196",2,"Caatinga"
"2947","CR286197",2,"Caatinga"
"2948","CR286198",2,"Caatinga"
"2949","CR286199",2,"Caatinga"
"2950","CR286200",2,"Caatinga"
"2951","CR286201",2,"Caatinga"
"2952","CR286202",4,"Mata AtlÃ¢ntica"
"2953","CR286203",4,"Mata AtlÃ¢ntica"
"2954","CR286204",4,"Mata AtlÃ¢ntica"
"2955","CR287190",2,"Caatinga"
"2956","CR287191",2,"Caatinga"
"2957","CR287192",2,"Caatinga"
"2958","CR287193",2,"Caatinga"
"2959","CR287194",2,"Caatinga"
"2960","CR287195",2,"Caatinga"
"2961","CR287196",2,"Caatinga"
"2962","CR287197",2,"Caatinga"
"2963","CR287198",2,"Caatinga"
"2964","CR287199",4,"Mata AtlÃ¢ntica"
"2965","CR287200",2,"Caatinga"
"2966","CR287201",4,"Mata AtlÃ¢ntica"
"2967","CR287202",4,"Mata AtlÃ¢ntica"
"2968","CR288191",2,"Caatinga"
"2969","CR288192",2,"Caatinga"
"2970","CR288193",2,"Caatinga"
"2971","CR288194",2,"Caatinga"
"2972","CR288195",2,"Caatinga"
"2973","CR288196",2,"Caatinga"
"2974","CR288197",2,"Caatinga"
"2975","CR288198",2,"Caatinga"
"2976","CR288199",4,"Mata AtlÃ¢ntica"
"2977","CR288200",4,"Mata AtlÃ¢ntica"
"2978","CR288201",4,"Mata AtlÃ¢ntica"
"2979","CR289191",2,"Caatinga"
"2980","CR289192",2,"Caatinga"
"2981","CR289193",2,"Caatinga"
"2982","CR289194",2,"Caatinga"
"2983","CR289195",2,"Caatinga"
"2984","CR289196",2,"Caatinga"
"2985","CR289197",2,"Caatinga"
"2986","CR289198",4,"Mata AtlÃ¢ntica"
"2987","CR289199",4,"Mata AtlÃ¢ntica"
"2988","CR289200",4,"Mata AtlÃ¢ntica"
"2989","CR290191",2,"Caatinga"
"2990","CR290192",2,"Caatinga"
"2991","CR290193",4,"Mata AtlÃ¢ntica"
"2992","CR290194",2,"Caatinga"
"2993","CR290195",2,"Caatinga"
"2994","CR290196",4,"Mata AtlÃ¢ntica"
"2995","CR290197",4,"Mata AtlÃ¢ntica"
"2996","CR290198",4,"Mata AtlÃ¢ntica"
"2997","CR290199",4,"Mata AtlÃ¢ntica"
"2998","CR291194",4,"Mata AtlÃ¢ntica"
"2999","CR291195",4,"Mata AtlÃ¢ntica"
"3000","CR291196",4,"Mata AtlÃ¢ntica"
"3001","CR291197",4,"Mata AtlÃ¢ntica"
